# 知识刷新历史
# 格式: YYYY-MM-DD HH:MM	id	action	result
2026-06-23 16:30	system	init	注册表初始化，5个主题入列
2026-06-23 16:41	trio-roadmap	next	任务已分发，剩余30天
2026-06-23 16:41	system	reset	扫描完成，0个过期
2026-06-23 16:41	trio-roadmap	skip	推迟刷新
2026-06-23 16:41	trio-roadmap	done	刷新完成，2026-06-23→2026-06-23
2026-06-23 16:41	trio-roadmap	next	任务已分发，剩余30天
2026-06-23 16:42	trio-roadmap	done	刷新完成，2026-06-23→2026-06-23
2026-06-23 16:43	trio-roadmap	next	任务已分发，剩余30天
2026-06-23 16:43	system	reset	扫描完成，0个过期
2026-06-24 03:58	trio-roadmap	next	任务已分发，剩余29天
2026-06-24 03:58	trio-roadmap	skip	推迟刷新
2026-06-24 03:58	system	reset	扫描完成，0个过期
2026-06-24 04:10	causal-analysis-methodology	add	新主题注册，间隔180天
2026-06-24 04:25	context-engineering	add	新主题注册，间隔180天
2026-06-24 04:30	index	add	新主题注册，间隔30天
2026-06-24 04:30	00-readme	add	新主题注册，间隔90天
2026-06-24 04:41	index	add	新主题注册，间隔30天
2026-06-24 04:41	index	done	刷新完成，2026-06-24→2026-06-24
2026-06-24 04:41	index	done	刷新完成，2026-06-24→2026-06-24
2026-06-24 04:42	index	next	任务已分发，剩余30天
2026-06-24 04:43	index	skip	推迟刷新
2026-06-24 04:43	index	skip	推迟刷新
2026-06-24 04:43	system	reset	扫描完成，0个过期
2026-06-24 04:57	system	reset	扫描完成，0个过期
2026-06-24 05:16	system	post-session	处理完成
2026-06-24 05:17	2026-06-24-	add	新主题注册，间隔7天
2026-06-24 05:17	mini-trainer	add	新主题注册，间隔180天
2026-06-24 05:17	metrics	add	新主题注册，间隔7天
2026-06-24 05:27	2026-06-24-	next	任务已分发，剩余7天
2026-06-24 05:27	system	post-session	处理完成
2026-06-24 05:29	system	post-session	处理完成
2026-06-24 05:44	project-context	add	新主题注册，间隔7天
2026-06-24 05:44	system	post-session	处理完成
2026-06-24 05:53	system	post-session	处理完成
2026-06-24 06:07	10-dim-model	add	新主题注册，间隔180天
2026-06-24 07:47	system	reset	扫描完成，0个过期
2026-06-24 07:57	system	reset	扫描完成，0个过期
2026-06-24 08:27	system	post-session	处理完成
2026-06-24 08:43	2026-06-24-	next	任务已分发，剩余7天
2026-06-24 08:43	2026-06-24-	skip	推迟刷新
2026-06-24 08:43	system	reset	扫描完成，0个过期
2026-06-24 08:50	system	post-session	处理完成
2026-06-24 08:54	system	reset	扫描完成，0个过期
2026-06-24 10:36	system	reset	扫描完成，0个过期
2026-06-24 12:10	trio-self-check-20260624	add	新主题注册，间隔30天
2026-06-24 12:10	00-readme	add	新主题注册，间隔90天
2026-06-24 12:10	00-readme	add	新主题注册，间隔90天
2026-06-24 12:10	scoring-template	add	新主题注册，间隔180天
2026-06-24 12:10	client-portrait-template	add	新主题注册，间隔180天
2026-06-24 12:10	overview	add	新主题注册，间隔180天
2026-06-24 12:15	architecture	add	新主题注册，间隔90天
2026-06-24 12:15	capability-stack	add	新主题注册，间隔30天
2026-06-24 12:15	absorption-plan	add	新主题注册，间隔30天
2026-06-24 12:15	daily	add	新主题注册，间隔1天
2026-06-24 12:15	metrics	add	新主题注册，间隔1天
2026-06-24 12:31	index	add	新主题注册，间隔30天
2026-06-24 12:31	index	add	新主题注册，间隔30天
2026-06-24 12:39	daily	next	任务已分发，剩余1天
2026-06-24 12:39	daily	skip	推迟刷新
2026-06-24 12:39	system	reset	扫描完成，0个过期
2026-06-24 13:18	system	reset	扫描完成，0个过期
2026-06-24 15:47	-	add	新主题注册，间隔180天
2026-06-24 16:48	-	add	新主题注册，间隔180天
2026-06-24 16:48	-	add	新主题注册，间隔180天
2026-06-24 16:48	-	add	新主题注册，间隔90天
2026-06-24 16:55	daily	next	任务已分发，剩余1天
2026-06-24 16:55	daily	skip	推迟刷新
2026-06-24 16:55	system	reset	扫描完成，0个过期
2026-06-24 17:09	-	add	新主题注册，间隔180天
2026-06-24 17:37	-	add	新主题注册，间隔180天
2026-06-24 17:37	-	add	新主题注册，间隔180天
2026-06-24 17:37	-	add	新主题注册，间隔180天
2026-06-24 17:44	system	reset	扫描完成，0个过期
2026-06-24 18:11	index	add	新主题注册，间隔30天
2026-06-24 18:15	system	post-session	处理完成
2026-06-25 08:47	daily	next	任务已分发，剩余0天
2026-06-25 08:49	system	post-session	处理完成
2026-06-25 09:27	system	reset	扫描完成，2个过期
2026-06-25 09:27	system	post-session	处理完成
2026-06-25 10:01	system	reset	扫描完成，2个过期
2026-06-25 10:01	daily	next	任务已分发，剩余0天
2026-06-25 10:01	system	post-session	处理完成
2026-06-25 16:46	daily	next	任务已分发，剩余0天
2026-06-26 02:30	system	reset	扫描完成，2个过期
2026-06-26 09:33	system	reset	扫描完成，2个过期
2026-06-26 09:34	daily	done	刷新完成
2026-06-26 09:34	metrics	done	刷新完成
2026-06-26 09:34	metrics	done	刷新完成
2026-06-26 09:34	system	reset	扫描完成，0个过期
2026-06-27 09:27	system	reset	扫描完成，2个过期
2026-06-27 09:27	daily	done	刷新完成
2026-06-27 09:27	metrics	done	刷新完成
2026-06-27 09:27	metrics	done	刷新完成
2026-06-27 09:27	system	reset	扫描完成，0个过期
2026-06-27 16:15	system	reset	扫描完成，0个过期
2026-06-27 16:15	system	post-session	处理完成
2026-06-28 04:09	daily	next	任务已分发，剩余0天
2026-06-28 04:09	system	post-session	处理完成
2026-06-28 04:09	daily	done	刷新完成
2026-06-28 09:27	system	reset	扫描完成，1个过期
2026-06-28 09:27	system	post-session	处理完成
2026-06-28 11:29	system	post-session	处理完成
2026-06-28 11:31	system	post-session	处理完成
2026-06-28 11:46	system	post-session	处理完成
2026-06-28 12:01	system	post-session	处理完成
2026-06-28 12:01	system	post-session	处理完成
2026-06-28 12:09	system	post-session	处理完成
2026-06-28 12:13	system	post-session	处理完成
2026-06-28 12:15	system	post-session	处理完成
2026-06-28 12:19	system	post-session	处理完成
2026-06-28 12:20	system	post-session	处理完成
2026-06-28 12:23	system	post-session	处理完成
2026-06-28 12:25	system	post-session	处理完成
2026-06-28 12:30	system	post-session	处理完成
2026-06-28 12:42	system	post-session	处理完成
2026-06-28 12:46	system	post-session	处理完成
2026-06-28 12:57	system	post-session	处理完成
2026-06-28 13:06	system	post-session	处理完成
2026-06-28 13:07	system	post-session	处理完成
2026-06-28 13:08	system	post-session	处理完成
2026-06-28 13:10	system	post-session	处理完成
2026-06-28 13:14	system	post-session	处理完成
2026-06-28 13:18	system	post-session	处理完成
2026-06-28 13:23	system	post-session	处理完成
2026-06-28 13:26	system	post-session	处理完成
2026-06-28 13:26	system	post-session	处理完成
2026-06-28 13:28	system	post-session	处理完成
2026-06-28 13:31	system	post-session	处理完成
2026-06-28 13:40	system	post-session	处理完成
2026-06-28 13:42	system	post-session	处理完成
2026-06-28 13:44	system	post-session	处理完成
2026-06-28 13:44	system	post-session	处理完成
2026-06-28 13:50	system	post-session	处理完成
2026-06-28 14:01	system	post-session	处理完成
2026-06-28 14:12	system	post-session	处理完成
2026-06-28 14:12	system	post-session	处理完成
2026-06-28 14:17	system	post-session	处理完成
2026-06-28 14:20	system	post-session	处理完成
2026-06-28 14:38	system	post-session	处理完成
2026-06-28 14:41	system	post-session	处理完成
2026-06-28 14:57	system	post-session	处理完成
2026-06-28 15:03	system	post-session	处理完成
2026-06-28 15:13	system	post-session	处理完成
2026-06-28 15:13	system	post-session	处理完成
2026-06-28 15:17	system	post-session	处理完成
2026-06-28 15:25	system	post-session	处理完成
2026-06-28 16:01	system	post-session	处理完成
2026-06-28 16:07	system	post-session	处理完成
2026-06-28 16:14	system	post-session	处理完成
2026-06-28 16:15	system	post-session	处理完成
2026-06-28 17:01	system	post-session	处理完成
2026-06-28 17:32	system	post-session	处理完成
2026-06-28 17:32	system	post-session	处理完成
2026-06-28 17:44	system	post-session	处理完成
2026-06-28 18:07	system	post-session	处理完成
2026-06-28 18:20	system	post-session	处理完成
2026-06-29 02:31	system	post-session	处理完成
2026-06-29 02:38	system	post-session	处理完成
2026-06-29 02:38	system	post-session	处理完成
2026-06-29 02:43	system	post-session	处理完成
2026-06-29 03:01	system	post-session	处理完成
2026-06-29 03:06	system	post-session	处理完成
2026-06-29 03:28	system	post-session	处理完成
2026-06-29 03:54	system	post-session	处理完成
2026-06-29 03:55	system	post-session	处理完成
2026-06-29 04:02	system	post-session	处理完成
2026-06-29 04:05	system	post-session	处理完成
2026-06-29 04:37	system	post-session	处理完成
2026-06-29 04:41	system	post-session	处理完成
2026-06-29 04:45	system	post-session	处理完成
2026-06-29 04:48	system	post-session	处理完成
2026-06-29 04:52	system	post-session	处理完成
2026-06-29 04:58	system	post-session	处理完成
2026-06-29 04:58	system	post-session	处理完成
2026-06-29 05:01	system	post-session	处理完成
2026-06-29 05:04	system	post-session	处理完成
2026-06-29 06:03	system	post-session	处理完成
2026-06-29 06:21	system	post-session	处理完成
2026-06-29 06:21	system	post-session	处理完成
2026-06-29 06:21	system	post-session	处理完成
2026-06-29 07:19	system	post-session	处理完成
2026-06-29 07:19	system	post-session	处理完成
2026-06-29 07:22	system	post-session	处理完成
2026-06-29 07:22	system	post-session	处理完成
2026-06-29 07:31	system	post-session	处理完成
2026-06-29 07:39	system	post-session	处理完成
2026-06-29 07:42	system	post-session	处理完成
2026-06-29 08:04	system	post-session	处理完成
2026-06-29 08:10	system	post-session	处理完成
2026-06-29 08:18	system	post-session	处理完成
2026-06-29 08:21	system	post-session	处理完成
2026-06-29 08:28	system	post-session	处理完成
2026-06-29 08:28	system	post-session	处理完成
2026-06-29 08:48	system	post-session	处理完成
2026-06-29 08:59	system	post-session	处理完成
2026-06-29 09:02	system	post-session	处理完成
2026-06-29 09:04	system	post-session	处理完成
2026-06-29 09:07	system	post-session	处理完成
2026-06-29 09:14	system	post-session	处理完成
2026-06-29 09:18	system	post-session	处理完成
2026-06-29 09:20	system	post-session	处理完成
2026-06-29 09:27	system	reset	扫描完成，2个过期
2026-06-29 09:27	system	post-session	处理完成
2026-06-29 09:27	system	post-session	处理完成
2026-06-29 09:43	system	post-session	处理完成
2026-06-29 09:43	system	post-session	处理完成
2026-06-29 10:05	system	post-session	处理完成
2026-06-29 10:24	system	post-session	处理完成
2026-06-29 11:15	system	post-session	处理完成
2026-06-29 11:15	system	post-session	处理完成
2026-06-29 11:15	system	post-session	处理完成
2026-06-29 11:17	system	post-session	处理完成
2026-06-29 11:21	system	post-session	处理完成
2026-06-29 11:24	system	post-session	处理完成
2026-06-29 11:26	system	post-session	处理完成
2026-06-29 11:31	system	post-session	处理完成
2026-06-29 11:34	system	post-session	处理完成
2026-06-29 11:39	system	post-session	处理完成
2026-06-29 11:46	system	post-session	处理完成
2026-06-29 11:51	system	post-session	处理完成
2026-06-29 12:04	system	post-session	处理完成
2026-06-29 12:06	system	post-session	处理完成
2026-06-29 12:16	system	post-session	处理完成
2026-06-29 12:16	system	post-session	处理完成
2026-06-29 12:20	system	post-session	处理完成
2026-06-29 12:53	system	post-session	处理完成
2026-06-29 13:06	system	post-session	处理完成
2026-06-29 13:32	system	post-session	处理完成
2026-06-29 13:33	system	post-session	处理完成
2026-06-29 13:37	system	post-session	处理完成
2026-06-29 13:37	system	post-session	处理完成
2026-06-29 13:38	system	reset	扫描完成，2个过期
2026-06-29 13:38	system	post-session	处理完成
2026-06-29 13:46	system	post-session	处理完成
2026-06-29 13:57	system	post-session	处理完成
2026-06-29 13:59	system	post-session	处理完成
2026-06-29 14:11	system	post-session	处理完成
2026-06-29 14:11	system	post-session	处理完成
2026-06-29 14:13	system	post-session	处理完成
2026-06-29 14:18	system	post-session	处理完成
2026-06-29 14:20	system	post-session	处理完成
2026-06-29 14:25	system	post-session	处理完成
2026-06-29 14:32	system	post-session	处理完成
2026-06-29 14:41	system	post-session	处理完成
2026-06-29 14:42	system	post-session	处理完成
2026-06-29 14:45	system	post-session	处理完成
2026-06-29 14:48	system	post-session	处理完成
2026-06-29 14:50	system	post-session	处理完成
2026-06-29 14:51	system	post-session	处理完成
2026-06-29 14:56	system	post-session	处理完成
2026-06-29 15:25	system	post-session	处理完成
2026-06-29 15:30	system	post-session	处理完成
2026-06-29 16:00	system	post-session	处理完成
2026-06-29 16:01	system	post-session	处理完成
2026-06-29 16:12	system	post-session	处理完成
2026-06-29 16:16	system	post-session	处理完成
2026-06-29 16:22	system	post-session	处理完成
2026-06-30 04:19	system	post-session	处理完成
2026-06-30 04:19	system	post-session	处理完成
2026-06-30 06:54	system	post-session	处理完成
2026-06-30 06:54	system	post-session	处理完成
2026-06-30 07:31	system	post-session	处理完成
2026-06-30 08:14	system	post-session	处理完成
2026-06-30 08:14	system	post-session	处理完成
2026-06-30 08:31	system	post-session	处理完成
2026-06-30 08:41	system	post-session	处理完成
2026-06-30 08:52	system	post-session	处理完成
2026-06-30 09:01	system	post-session	处理完成
2026-06-30 10:00	system	reset	扫描完成，2个过期
2026-06-30 10:00	system	post-session	处理完成
2026-06-30 10:01	system	post-session	处理完成
2026-06-30 10:04	system	post-session	处理完成
2026-06-30 10:49	system	post-session	处理完成
2026-06-30 10:50	system	post-session	处理完成
2026-06-30 10:50	system	post-session	处理完成
2026-06-30 10:53	system	post-session	处理完成
2026-06-30 10:59	system	post-session	处理完成
2026-06-30 12:26	system	post-session	处理完成
2026-06-30 12:26	system	post-session	处理完成
2026-06-30 12:27	system	post-session	处理完成
2026-06-30 12:27	system	post-session	处理完成
2026-06-30 12:28	system	post-session	处理完成
2026-06-30 12:36	system	post-session	处理完成
2026-06-30 12:36	system	post-session	处理完成
2026-06-30 12:38	system	post-session	处理完成
2026-06-30 12:40	system	post-session	处理完成
2026-06-30 12:40	system	post-session	处理完成
2026-06-30 12:41	system	post-session	处理完成
2026-06-30 12:42	system	post-session	处理完成
2026-06-30 12:45	system	post-session	处理完成
2026-06-30 12:50	system	post-session	处理完成
2026-06-30 12:52	system	post-session	处理完成
2026-06-30 12:54	system	post-session	处理完成
2026-06-30 12:56	system	post-session	处理完成
2026-06-30 12:58	system	post-session	处理完成
2026-06-30 13:00	system	post-session	处理完成
2026-06-30 13:02	system	post-session	处理完成
2026-06-30 13:05	system	post-session	处理完成
2026-06-30 13:08	system	post-session	处理完成
2026-06-30 13:14	system	post-session	处理完成
2026-06-30 13:21	system	post-session	处理完成
2026-06-30 13:22	system	post-session	处理完成
2026-06-30 13:25	system	post-session	处理完成
2026-06-30 13:26	system	post-session	处理完成
2026-06-30 13:28	system	post-session	处理完成
2026-06-30 13:29	system	post-session	处理完成
2026-06-30 13:30	system	post-session	处理完成
2026-06-30 13:36	system	post-session	处理完成
2026-06-30 13:39	system	post-session	处理完成
2026-06-30 13:42	system	post-session	处理完成
2026-06-30 13:51	system	post-session	处理完成
2026-06-30 14:45	system	post-session	处理完成
2026-06-30 14:45	system	post-session	处理完成
2026-06-30 14:46	system	post-session	处理完成
2026-06-30 15:02	system	post-session	处理完成
2026-06-30 15:08	system	post-session	处理完成
2026-06-30 15:14	system	post-session	处理完成
2026-07-01 00:57	system	post-session	处理完成
2026-07-01 00:57	system	post-session	处理完成
2026-07-01 01:08	system	post-session	处理完成
2026-07-01 01:58	system	post-session	处理完成
2026-07-01 01:58	system	post-session	处理完成
2026-07-01 02:20	system	post-session	处理完成
2026-07-01 02:37	system	post-session	处理完成
2026-07-01 04:41	system	post-session	处理完成
2026-07-01 04:41	system	post-session	处理完成
2026-07-01 04:44	system	post-session	处理完成
2026-07-01 04:45	system	post-session	处理完成
2026-07-01 04:50	system	post-session	处理完成
2026-07-01 04:51	system	post-session	处理完成
2026-07-01 04:55	system	post-session	处理完成
2026-07-01 05:09	system	post-session	处理完成
2026-07-01 05:10	system	post-session	处理完成
2026-07-01 05:11	system	post-session	处理完成
2026-07-01 05:16	system	post-session	处理完成
2026-07-01 05:30	system	post-session	处理完成
2026-07-01 05:36	system	post-session	处理完成
2026-07-01 05:43	system	post-session	处理完成
2026-07-01 05:43	system	post-session	处理完成
2026-07-01 05:48	system	post-session	处理完成
2026-07-01 05:54	system	post-session	处理完成
2026-07-01 05:56	system	post-session	处理完成
2026-07-01 06:02	system	post-session	处理完成
2026-07-01 06:09	system	post-session	处理完成
2026-07-01 06:09	system	post-session	处理完成
2026-07-01 06:09	system	post-session	处理完成
2026-07-01 06:10	system	post-session	处理完成
2026-07-01 06:16	system	post-session	处理完成
2026-07-01 06:43	system	post-session	处理完成
2026-07-01 06:57	system	post-session	处理完成
2026-07-01 06:58	system	post-session	处理完成
2026-07-01 07:02	system	post-session	处理完成
2026-07-01 07:04	system	post-session	处理完成
2026-07-01 07:06	system	post-session	处理完成
2026-07-01 07:07	system	post-session	处理完成
2026-07-01 07:08	system	post-session	处理完成
2026-07-01 07:09	system	post-session	处理完成
2026-07-01 07:13	system	post-session	处理完成
2026-07-01 08:10	system	post-session	处理完成
2026-07-01 08:10	system	post-session	处理完成
2026-07-01 08:16	system	post-session	处理完成
2026-07-01 08:20	system	post-session	处理完成
2026-07-01 08:22	system	post-session	处理完成
2026-07-01 08:25	system	post-session	处理完成
2026-07-01 08:28	system	post-session	处理完成
2026-07-01 08:29	system	post-session	处理完成
2026-07-01 09:27	system	reset	扫描完成，4个过期
2026-07-02 06:49	system	post-session	处理完成
2026-07-02 06:50	system	post-session	处理完成
2026-07-02 06:51	system	post-session	处理完成
2026-07-02 06:53	system	post-session	处理完成
2026-07-02 06:56	system	post-session	处理完成
2026-07-02 07:04	system	post-session	处理完成
2026-07-02 07:13	system	post-session	处理完成
2026-07-02 07:16	system	post-session	处理完成
2026-07-02 07:18	system	post-session	处理完成
2026-07-02 07:28	system	post-session	处理完成
2026-07-02 07:35	system	post-session	处理完成
2026-07-02 07:37	system	post-session	处理完成
2026-07-02 07:40	system	post-session	处理完成
2026-07-02 07:42	system	post-session	处理完成
2026-07-02 07:44	system	post-session	处理完成
2026-07-02 07:47	system	post-session	处理完成
2026-07-02 07:59	system	post-session	处理完成
2026-07-02 08:00	system	post-session	处理完成
2026-07-02 08:01	system	post-session	处理完成
2026-07-02 08:05	system	post-session	处理完成
2026-07-02 08:12	system	post-session	处理完成
2026-07-02 08:15	system	post-session	处理完成
2026-07-02 08:18	system	post-session	处理完成
2026-07-02 08:21	system	post-session	处理完成
2026-07-02 08:26	system	post-session	处理完成
2026-07-02 08:46	system	post-session	处理完成
2026-07-02 09:16	system	post-session	处理完成
2026-07-02 09:18	system	post-session	处理完成
2026-07-02 09:18	system	post-session	处理完成
2026-07-02 09:24	system	post-session	处理完成
2026-07-02 09:27	system	post-session	处理完成
2026-07-02 09:27	system	reset	扫描完成，4个过期
2026-07-02 09:27	system	post-session	处理完成
2026-07-02 09:29	system	post-session	处理完成
2026-07-02 09:32	system	post-session	处理完成
2026-07-02 09:35	system	post-session	处理完成
2026-07-02 09:38	system	post-session	处理完成
2026-07-02 09:40	system	post-session	处理完成
2026-07-02 09:47	system	post-session	处理完成
2026-07-02 10:05	system	post-session	处理完成
2026-07-02 10:10	system	post-session	处理完成
2026-07-02 10:10	system	post-session	处理完成
2026-07-02 11:05	system	post-session	处理完成
2026-07-02 11:06	system	post-session	处理完成
2026-07-02 11:28	system	post-session	处理完成
2026-07-02 11:42	system	post-session	处理完成
2026-07-02 11:53	system	post-session	处理完成
2026-07-02 12:00	system	post-session	处理完成
2026-07-02 12:07	system	post-session	处理完成
2026-07-02 12:07	system	post-session	处理完成
2026-07-02 12:14	system	post-session	处理完成
2026-07-02 13:25	system	post-session	处理完成
2026-07-02 13:25	system	post-session	处理完成
2026-07-02 13:30	system	post-session	处理完成
2026-07-02 13:30	system	post-session	处理完成
2026-07-02 13:33	system	post-session	处理完成
2026-07-02 13:36	system	post-session	处理完成
2026-07-02 13:40	system	post-session	处理完成
2026-07-02 13:41	system	post-session	处理完成
2026-07-02 13:44	system	post-session	处理完成
2026-07-02 13:57	system	post-session	处理完成
2026-07-02 13:59	system	post-session	处理完成
2026-07-02 14:06	system	post-session	处理完成
2026-07-02 14:14	system	post-session	处理完成
2026-07-02 14:17	system	post-session	处理完成
2026-07-02 14:28	system	post-session	处理完成
2026-07-02 14:29	system	post-session	处理完成
2026-07-02 14:31	system	post-session	处理完成
2026-07-02 14:33	system	post-session	处理完成
2026-07-02 14:36	system	post-session	处理完成
2026-07-02 15:02	system	post-session	处理完成
2026-07-02 15:27	system	post-session	处理完成
2026-07-02 15:52	system	post-session	处理完成
2026-07-02 15:52	system	post-session	处理完成
2026-07-02 15:58	system	post-session	处理完成
2026-07-02 15:59	system	post-session	处理完成
2026-07-02 16:05	system	post-session	处理完成
2026-07-02 16:34	system	post-session	处理完成
2026-07-02 16:50	system	post-session	处理完成
2026-07-03 02:45	system	post-session	处理完成
2026-07-03 02:45	system	post-session	处理完成
2026-07-03 03:25	system	post-session	处理完成
2026-07-03 03:30	system	post-session	处理完成
2026-07-03 03:44	system	post-session	处理完成
2026-07-03 03:46	system	post-session	处理完成
2026-07-03 03:46	system	post-session	处理完成
2026-07-03 03:50	system	post-session	处理完成
2026-07-03 03:55	system	post-session	处理完成
2026-07-03 03:57	system	post-session	处理完成
2026-07-03 04:05	system	post-session	处理完成
2026-07-03 04:10	system	post-session	处理完成
2026-07-03 04:15	system	post-session	处理完成
2026-07-03 04:19	system	post-session	处理完成
2026-07-03 04:36	system	post-session	处理完成
2026-07-03 04:42	system	post-session	处理完成
2026-07-03 04:44	system	post-session	处理完成
2026-07-03 04:46	system	post-session	处理完成
2026-07-03 04:48	system	post-session	处理完成
2026-07-03 04:49	system	post-session	处理完成
2026-07-03 04:56	system	post-session	处理完成
2026-07-03 05:00	system	post-session	处理完成
2026-07-03 05:23	system	post-session	处理完成
2026-07-03 05:37	system	post-session	处理完成
2026-07-03 05:43	system	post-session	处理完成
2026-07-03 05:49	system	post-session	处理完成
2026-07-03 05:49	system	post-session	处理完成
2026-07-03 06:00	system	post-session	处理完成
2026-07-03 06:11	system	post-session	处理完成
2026-07-03 06:13	system	post-session	处理完成
2026-07-03 06:13	system	post-session	处理完成
2026-07-03 06:14	system	post-session	处理完成
2026-07-03 06:15	system	post-session	处理完成
2026-07-03 06:16	system	post-session	处理完成
2026-07-03 06:22	system	post-session	处理完成
2026-07-03 06:25	system	post-session	处理完成
2026-07-03 06:27	system	post-session	处理完成
2026-07-03 06:31	system	post-session	处理完成
2026-07-03 06:32	system	post-session	处理完成
2026-07-03 06:33	system	post-session	处理完成
2026-07-03 06:36	system	post-session	处理完成
2026-07-03 06:36	system	post-session	处理完成
2026-07-03 06:37	system	post-session	处理完成
2026-07-03 06:37	system	post-session	处理完成
2026-07-03 06:41	system	post-session	处理完成
2026-07-03 06:44	system	post-session	处理完成
2026-07-03 06:46	system	post-session	处理完成
2026-07-03 06:46	system	post-session	处理完成
2026-07-03 06:47	system	post-session	处理完成
2026-07-03 06:48	system	post-session	处理完成
2026-07-03 06:49	system	post-session	处理完成
2026-07-03 06:49	system	post-session	处理完成
2026-07-03 06:51	system	post-session	处理完成
2026-07-03 07:20	system	post-session	处理完成
2026-07-03 07:22	system	post-session	处理完成
2026-07-03 07:25	system	post-session	处理完成
2026-07-03 07:25	system	post-session	处理完成
2026-07-03 07:26	system	post-session	处理完成
2026-07-03 07:29	system	post-session	处理完成
2026-07-03 07:33	system	post-session	处理完成
2026-07-03 07:33	system	post-session	处理完成
2026-07-03 07:34	system	post-session	处理完成
2026-07-03 07:36	system	post-session	处理完成
2026-07-03 07:40	system	post-session	处理完成
2026-07-03 07:40	system	post-session	处理完成
2026-07-03 07:41	system	post-session	处理完成
2026-07-03 07:41	system	post-session	处理完成
2026-07-03 07:42	system	post-session	处理完成
2026-07-03 07:45	system	post-session	处理完成
2026-07-03 07:46	system	post-session	处理完成
2026-07-03 07:48	system	post-session	处理完成
2026-07-03 07:51	system	post-session	处理完成
2026-07-03 07:51	system	post-session	处理完成
2026-07-03 07:51	system	post-session	处理完成
2026-07-03 07:52	system	post-session	处理完成
2026-07-03 07:53	system	post-session	处理完成
2026-07-03 07:53	system	post-session	处理完成
2026-07-03 07:58	system	post-session	处理完成
2026-07-03 08:01	system	post-session	处理完成
2026-07-03 08:01	system	post-session	处理完成
2026-07-03 08:02	system	post-session	处理完成
2026-07-03 08:09	system	post-session	处理完成
2026-07-03 08:21	system	post-session	处理完成
2026-07-03 08:26	system	post-session	处理完成
2026-07-03 08:34	system	post-session	处理完成
2026-07-03 08:35	system	post-session	处理完成
2026-07-03 08:46	system	post-session	处理完成
2026-07-03 08:46	system	post-session	处理完成
2026-07-03 08:55	2026-06-24-	done	刷新完成
2026-07-03 08:55	daily	done	刷新完成
2026-07-03 08:55	metrics	done	刷新完成
2026-07-03 08:55	metrics	done	刷新完成
2026-07-03 08:55	project-context	done	刷新完成
2026-07-03 09:07	system	post-session	处理完成
2026-07-03 09:07	system	post-session	处理完成
2026-07-03 09:10	system	post-session	处理完成
2026-07-03 09:16	system	post-session	处理完成
2026-07-03 09:18	system	post-session	处理完成
2026-07-03 09:20	system	post-session	处理完成
2026-07-03 09:46	system	post-session	处理完成
2026-07-03 10:15	system	post-session	处理完成
2026-07-03 10:26	system	post-session	处理完成
2026-07-03 10:26	system	post-session	处理完成
2026-07-03 10:55	system	post-session	处理完成
2026-07-03 10:57	system	post-session	处理完成
2026-07-03 10:58	system	post-session	处理完成
2026-07-03 10:59	system	post-session	处理完成
2026-07-03 11:02	system	post-session	处理完成
2026-07-04 02:57	system	post-session	处理完成
2026-07-04 02:57	system	post-session	处理完成
2026-07-04 02:57	system	post-session	处理完成
2026-07-04 03:03	system	post-session	处理完成
2026-07-04 03:07	system	post-session	处理完成
2026-07-04 03:08	system	post-session	处理完成
2026-07-04 03:09	system	post-session	处理完成
2026-07-04 03:11	system	post-session	处理完成
2026-07-04 03:26	system	post-session	处理完成
2026-07-04 03:27	system	post-session	处理完成
2026-07-04 05:17	system	post-session	处理完成
2026-07-04 05:18	system	post-session	处理完成
2026-07-04 06:21	system	post-session	处理完成
2026-07-04 06:21	system	post-session	处理完成
2026-07-04 06:23	system	post-session	处理完成
2026-07-04 07:22	system	post-session	处理完成
2026-07-04 07:22	system	post-session	处理完成
2026-07-04 07:28	system	post-session	处理完成
2026-07-04 07:30	system	post-session	处理完成
2026-07-04 07:33	system	post-session	处理完成
2026-07-04 07:35	system	post-session	处理完成
2026-07-04 07:44	system	post-session	处理完成
2026-07-04 07:47	system	post-session	处理完成
2026-07-04 07:49	system	post-session	处理完成
2026-07-04 07:51	system	post-session	处理完成
2026-07-04 07:55	system	post-session	处理完成
2026-07-04 07:57	system	post-session	处理完成
2026-07-04 07:57	system	post-session	处理完成
2026-07-04 09:34	system	post-session	处理完成
2026-07-04 09:35	system	post-session	处理完成
2026-07-04 09:52	system	post-session	处理完成
2026-07-04 12:06	system	post-session	处理完成
2026-07-04 12:06	system	post-session	处理完成
2026-07-04 12:08	system	post-session	处理完成
2026-07-04 12:16	system	post-session	处理完成
2026-07-04 12:20	system	post-session	处理完成
2026-07-04 12:23	system	post-session	处理完成
2026-07-04 12:25	system	post-session	处理完成
2026-07-04 12:27	system	post-session	处理完成
2026-07-04 12:29	system	post-session	处理完成
2026-07-04 12:31	system	post-session	处理完成
2026-07-04 12:32	system	post-session	处理完成
2026-07-04 12:33	system	post-session	处理完成
2026-07-04 12:51	system	post-session	处理完成
2026-07-04 12:56	system	post-session	处理完成
2026-07-04 12:59	system	post-session	处理完成
2026-07-04 13:01	system	post-session	处理完成
2026-07-04 13:06	system	post-session	处理完成
2026-07-04 13:06	system	post-session	处理完成
2026-07-04 13:07	system	post-session	处理完成
2026-07-04 13:09	system	post-session	处理完成
2026-07-04 13:11	system	post-session	处理完成
2026-07-04 13:14	system	post-session	处理完成
2026-07-04 13:16	system	post-session	处理完成
2026-07-04 13:22	system	post-session	处理完成
2026-07-04 13:34	system	post-session	处理完成
2026-07-04 13:36	system	post-session	处理完成
2026-07-04 13:38	system	post-session	处理完成
2026-07-04 13:41	system	post-session	处理完成
2026-07-04 13:55	system	post-session	处理完成
2026-07-04 13:57	system	post-session	处理完成
2026-07-04 14:03	system	post-session	处理完成
2026-07-04 14:05	system	post-session	处理完成
2026-07-04 14:08	system	post-session	处理完成
2026-07-04 14:08	system	post-session	处理完成
2026-07-04 14:09	system	post-session	处理完成
2026-07-04 14:17	system	post-session	处理完成
2026-07-04 14:19	system	post-session	处理完成
2026-07-04 14:28	system	post-session	处理完成
2026-07-04 14:39	system	post-session	处理完成
2026-07-04 14:47	system	post-session	处理完成
2026-07-04 14:59	system	post-session	处理完成
2026-07-04 15:03	system	post-session	处理完成
2026-07-04 15:06	system	post-session	处理完成
2026-07-04 15:08	system	post-session	处理完成
2026-07-04 15:08	system	post-session	处理完成
2026-07-04 15:36	system	post-session	处理完成
2026-07-04 15:39	system	post-session	处理完成
2026-07-04 15:50	system	post-session	处理完成
2026-07-04 15:53	system	post-session	处理完成
2026-07-04 15:59	system	post-session	处理完成
2026-07-04 16:07	system	post-session	处理完成
2026-07-04 16:09	system	post-session	处理完成
2026-07-04 16:09	system	post-session	处理完成
2026-07-04 16:14	system	post-session	处理完成
2026-07-04 16:16	system	post-session	处理完成
2026-07-04 16:19	system	post-session	处理完成
2026-07-04 16:32	system	post-session	处理完成
2026-07-04 16:37	system	post-session	处理完成
2026-07-04 16:39	system	post-session	处理完成
2026-07-04 16:51	system	post-session	处理完成
2026-07-04 16:57	system	post-session	处理完成
2026-07-04 17:01	system	post-session	处理完成
2026-07-04 17:04	system	post-session	处理完成
2026-07-04 17:20	system	post-session	处理完成
2026-07-04 17:20	system	post-session	处理完成
2026-07-04 17:23	system	post-session	处理完成
2026-07-04 17:31	system	post-session	处理完成
2026-07-04 17:33	system	post-session	处理完成
2026-07-05 01:30	system	post-session	处理完成
2026-07-05 01:30	system	post-session	处理完成
2026-07-05 01:31	system	post-session	处理完成
2026-07-05 01:32	system	post-session	处理完成
2026-07-05 01:35	system	post-session	处理完成
2026-07-05 01:40	daily	next	任务已分发，剩余-1天
2026-07-05 01:40	system	post-session	处理完成
2026-07-05 01:43	system	post-session	处理完成
2026-07-05 01:45	system	post-session	处理完成
2026-07-05 01:53	system	post-session	处理完成
2026-07-05 01:57	system	post-session	处理完成
2026-07-05 01:59	system	post-session	处理完成
2026-07-05 02:35	system	post-session	处理完成
2026-07-05 02:35	system	post-session	处理完成
2026-07-05 02:38	system	post-session	处理完成
2026-07-05 02:41	system	post-session	处理完成
2026-07-05 02:43	system	post-session	处理完成
2026-07-05 02:49	system	post-session	处理完成
2026-07-05 02:51	system	post-session	处理完成
2026-07-05 02:54	system	post-session	处理完成
2026-07-05 03:10	system	post-session	处理完成
2026-07-05 03:13	system	post-session	处理完成
2026-07-05 03:14	system	post-session	处理完成
2026-07-05 03:24	system	post-session	处理完成
2026-07-05 03:25	system	post-session	处理完成
2026-07-05 03:28	system	post-session	处理完成
2026-07-05 03:40	system	post-session	处理完成
2026-07-05 03:40	system	post-session	处理完成
2026-07-05 03:48	system	post-session	处理完成
2026-07-05 04:01	system	post-session	处理完成
2026-07-05 04:02	system	post-session	处理完成
2026-07-05 04:05	system	post-session	处理完成
2026-07-05 04:07	system	post-session	处理完成
2026-07-05 04:12	system	post-session	处理完成
2026-07-05 04:13	system	post-session	处理完成
2026-07-05 04:15	system	post-session	处理完成
2026-07-05 04:18	system	post-session	处理完成
2026-07-05 04:21	system	post-session	处理完成
2026-07-05 04:23	system	post-session	处理完成
2026-07-05 04:25	system	post-session	处理完成
2026-07-05 04:27	system	post-session	处理完成
2026-07-05 04:29	system	post-session	处理完成
2026-07-05 04:32	system	post-session	处理完成
2026-07-05 04:45	system	post-session	处理完成
2026-07-05 04:46	system	post-session	处理完成
2026-07-05 04:47	system	post-session	处理完成
2026-07-05 04:50	system	post-session	处理完成
2026-07-05 04:52	system	post-session	处理完成
2026-07-05 04:54	system	post-session	处理完成
2026-07-05 04:57	system	post-session	处理完成
2026-07-05 05:07	system	post-session	处理完成
2026-07-05 05:08	system	post-session	处理完成
2026-07-05 06:26	system	post-session	处理完成
2026-07-05 06:27	system	post-session	处理完成
2026-07-05 06:45	system	post-session	处理完成
2026-07-05 06:48	system	post-session	处理完成
2026-07-05 06:50	system	post-session	处理完成
2026-07-05 06:52	system	post-session	处理完成
2026-07-05 07:01	system	post-session	处理完成
2026-07-05 07:16	system	post-session	处理完成
2026-07-05 07:18	system	post-session	处理完成
2026-07-05 07:21	system	post-session	处理完成
2026-07-05 07:23	system	post-session	处理完成
2026-07-05 07:27	system	post-session	处理完成
2026-07-05 07:28	system	post-session	处理完成
2026-07-05 07:38	system	post-session	处理完成
2026-07-05 07:40	system	post-session	处理完成
2026-07-05 07:43	system	post-session	处理完成
2026-07-05 07:46	system	post-session	处理完成
2026-07-05 07:49	system	post-session	处理完成
2026-07-05 07:51	system	post-session	处理完成
2026-07-05 08:29	system	post-session	处理完成
2026-07-05 08:30	system	post-session	处理完成
2026-07-05 08:31	system	post-session	处理完成
2026-07-05 08:34	system	post-session	处理完成
2026-07-05 08:36	system	post-session	处理完成
2026-07-05 08:42	system	post-session	处理完成
2026-07-05 08:47	system	post-session	处理完成
2026-07-05 08:49	system	post-session	处理完成
2026-07-05 08:51	system	post-session	处理完成
2026-07-05 08:56	system	post-session	处理完成
2026-07-05 09:07	system	post-session	处理完成
2026-07-05 09:09	system	post-session	处理完成
2026-07-05 09:16	system	post-session	处理完成
2026-07-05 09:39	system	post-session	处理完成
2026-07-05 09:40	system	post-session	处理完成
2026-07-05 09:41	system	post-session	处理完成
2026-07-05 09:47	system	post-session	处理完成
2026-07-05 09:51	system	post-session	处理完成
2026-07-05 10:22	system	post-session	处理完成
2026-07-05 12:13	system	post-session	处理完成
2026-07-05 12:14	system	post-session	处理完成
2026-07-05 12:16	system	post-session	处理完成
2026-07-05 12:18	system	post-session	处理完成
2026-07-05 12:21	system	post-session	处理完成
2026-07-05 12:23	system	post-session	处理完成
2026-07-05 12:27	system	post-session	处理完成
2026-07-05 12:45	system	post-session	处理完成
2026-07-05 12:48	system	post-session	处理完成
2026-07-05 12:50	system	post-session	处理完成
2026-07-05 12:52	system	post-session	处理完成
2026-07-05 12:54	system	post-session	处理完成
2026-07-05 12:56	system	post-session	处理完成
2026-07-05 12:58	system	post-session	处理完成
2026-07-05 13:00	system	post-session	处理完成
2026-07-05 13:24	system	post-session	处理完成
2026-07-05 13:24	system	post-session	处理完成
2026-07-05 13:25	system	post-session	处理完成
2026-07-05 13:32	system	post-session	处理完成
2026-07-05 13:51	system	post-session	处理完成
2026-07-05 13:53	system	post-session	处理完成
2026-07-05 13:56	system	post-session	处理完成
2026-07-05 14:21	system	post-session	处理完成
2026-07-05 14:49	system	post-session	处理完成
2026-07-05 14:49	system	post-session	处理完成
2026-07-05 14:52	system	post-session	处理完成
2026-07-05 15:07	system	post-session	处理完成
2026-07-05 15:14	system	post-session	处理完成
2026-07-05 15:16	system	post-session	处理完成
2026-07-05 15:18	system	post-session	处理完成
2026-07-05 15:20	system	post-session	处理完成
2026-07-05 16:26	system	post-session	处理完成
2026-07-05 16:26	system	post-session	处理完成
2026-07-05 16:52	system	post-session	处理完成
2026-07-05 17:15	system	post-session	处理完成
2026-07-05 17:29	system	post-session	处理完成
2026-07-05 18:47	system	post-session	处理完成
2026-07-05 18:47	system	post-session	处理完成
2026-07-05 18:53	system	post-session	处理完成
2026-07-05 18:53	system	post-session	处理完成
2026-07-05 19:43	system	post-session	处理完成
2026-07-05 19:43	system	post-session	处理完成
2026-07-05 19:49	system	post-session	处理完成
2026-07-05 19:49	system	post-session	处理完成
2026-07-05 19:57	system	post-session	处理完成
2026-07-05 20:03	system	post-session	处理完成
2026-07-06 03:58	system	post-session	处理完成
2026-07-06 03:58	system	post-session	处理完成
2026-07-06 04:08	system	post-session	处理完成
2026-07-06 04:27	system	post-session	处理完成
2026-07-06 04:51	system	post-session	处理完成
2026-07-06 05:06	system	post-session	处理完成
2026-07-06 05:06	system	post-session	处理完成
2026-07-06 05:28	system	post-session	处理完成
2026-07-06 05:43	system	post-session	处理完成
2026-07-06 07:02	system	post-session	处理完成
2026-07-06 07:02	system	post-session	处理完成
2026-07-06 07:22	system	post-session	处理完成
2026-07-06 08:38	system	post-session	处理完成
2026-07-06 08:39	system	post-session	处理完成
2026-07-06 09:16	system	post-session	处理完成
2026-07-06 09:18	system	post-session	处理完成
2026-07-06 09:18	system	post-session	处理完成
2026-07-06 09:27	system	post-session	处理完成
2026-07-06 09:35	system	post-session	处理完成
2026-07-06 09:37	system	post-session	处理完成
2026-07-06 09:37	system	post-session	处理完成
2026-07-06 09:47	system	post-session	处理完成
2026-07-06 09:48	system	post-session	处理完成
2026-07-06 09:56	system	post-session	处理完成
2026-07-06 10:14	system	post-session	处理完成
2026-07-06 10:19	system	post-session	处理完成
2026-07-06 10:26	system	post-session	处理完成
2026-07-06 10:36	system	post-session	处理完成
2026-07-06 10:50	system	post-session	处理完成
2026-07-06 10:50	system	post-session	处理完成
2026-07-06 11:16	system	post-session	处理完成
2026-07-06 11:24	system	post-session	处理完成
2026-07-06 11:33	system	post-session	处理完成
2026-07-06 11:39	system	post-session	处理完成
2026-07-06 11:48	system	post-session	处理完成
2026-07-06 11:55	system	post-session	处理完成
2026-07-06 11:55	system	post-session	处理完成
2026-07-06 12:20	system	post-session	处理完成
2026-07-06 12:22	system	post-session	处理完成
2026-07-06 12:25	system	post-session	处理完成
2026-07-06 12:30	system	post-session	处理完成
2026-07-06 12:33	system	post-session	处理完成
2026-07-06 12:35	system	post-session	处理完成
2026-07-06 12:37	system	post-session	处理完成
2026-07-06 12:39	system	post-session	处理完成
2026-07-06 12:42	system	post-session	处理完成
2026-07-06 12:49	system	post-session	处理完成
2026-07-06 13:08	system	post-session	处理完成
2026-07-06 13:08	system	post-session	处理完成
2026-07-06 13:45	system	post-session	处理完成
2026-07-06 13:48	system	post-session	处理完成
2026-07-06 14:15	system	post-session	处理完成
2026-07-06 14:15	system	post-session	处理完成
2026-07-06 14:20	system	post-session	处理完成
2026-07-06 14:23	system	post-session	处理完成
2026-07-06 14:24	system	post-session	处理完成
2026-07-06 14:32	system	post-session	处理完成
2026-07-06 15:04	system	post-session	处理完成
2026-07-06 15:07	system	post-session	处理完成
2026-07-06 15:09	system	post-session	处理完成
2026-07-06 15:16	system	post-session	处理完成
2026-07-06 15:18	system	post-session	处理完成
2026-07-06 15:19	system	post-session	处理完成
2026-07-06 16:32	system	post-session	处理完成
2026-07-06 16:32	system	post-session	处理完成
2026-07-06 16:35	system	post-session	处理完成
2026-07-06 16:38	system	post-session	处理完成
2026-07-06 16:47	system	post-session	处理完成
2026-07-06 16:50	system	post-session	处理完成
2026-07-06 16:54	system	post-session	处理完成
2026-07-06 17:00	system	post-session	处理完成
2026-07-06 17:17	system	post-session	处理完成
2026-07-06 17:55	system	post-session	处理完成
2026-07-06 17:55	system	post-session	处理完成
2026-07-06 18:02	system	post-session	处理完成
2026-07-06 18:10	system	post-session	处理完成
2026-07-06 18:23	system	post-session	处理完成
2026-07-06 18:30	system	post-session	处理完成
2026-07-06 18:39	system	post-session	处理完成
2026-07-07 04:38	system	post-session	处理完成
2026-07-07 04:38	system	post-session	处理完成
2026-07-07 04:45	system	post-session	处理完成
2026-07-07 04:45	system	post-session	处理完成
2026-07-07 04:46	system	post-session	处理完成
2026-07-07 05:08	system	post-session	处理完成
2026-07-07 05:51	system	post-session	处理完成
2026-07-07 05:51	system	post-session	处理完成
2026-07-07 05:51	system	post-session	处理完成
2026-07-07 06:07	system	post-session	处理完成
2026-07-07 06:53	system	post-session	处理完成
2026-07-07 06:53	system	post-session	处理完成
2026-07-07 06:58	system	post-session	处理完成
2026-07-07 07:00	system	post-session	处理完成
2026-07-07 07:19	system	post-session	处理完成
2026-07-07 07:30	system	post-session	处理完成
2026-07-07 07:45	system	post-session	处理完成
2026-07-07 07:47	system	post-session	处理完成
2026-07-07 07:59	system	post-session	处理完成
2026-07-07 08:00	system	post-session	处理完成
2026-07-07 08:15	system	post-session	处理完成
2026-07-07 08:17	system	post-session	处理完成
2026-07-07 08:19	system	post-session	处理完成
2026-07-07 08:23	system	post-session	处理完成
2026-07-07 08:49	system	post-session	处理完成
2026-07-07 09:00	system	post-session	处理完成
2026-07-07 09:01	system	post-session	处理完成
2026-07-07 10:01	system	post-session	处理完成
2026-07-07 10:01	system	post-session	处理完成
2026-07-07 10:04	system	post-session	处理完成
2026-07-07 10:19	system	post-session	处理完成
2026-07-07 10:23	system	post-session	处理完成
2026-07-07 10:40	system	post-session	处理完成
2026-07-07 10:42	system	post-session	处理完成
2026-07-07 10:49	system	post-session	处理完成
2026-07-07 12:03	system	post-session	处理完成
2026-07-07 12:04	system	post-session	处理完成
2026-07-07 12:21	system	post-session	处理完成
2026-07-07 12:33	system	post-session	处理完成
2026-07-07 12:54	system	post-session	处理完成
2026-07-07 13:37	system	post-session	处理完成
2026-07-07 13:37	system	post-session	处理完成
2026-07-07 13:56	system	post-session	处理完成
2026-07-07 14:12	system	post-session	处理完成
2026-07-07 18:13	system	post-session	处理完成
2026-07-07 18:13	system	post-session	处理完成
2026-07-07 18:21	system	post-session	处理完成
2026-07-07 18:42	system	post-session	处理完成
2026-07-07 18:47	system	post-session	处理完成
2026-07-07 18:58	system	post-session	处理完成
2026-07-08 03:46	system	post-session	处理完成
2026-07-08 03:46	system	post-session	处理完成
2026-07-08 03:54	system	post-session	处理完成
2026-07-08 03:55	system	post-session	处理完成
2026-07-08 04:00	system	post-session	处理完成
2026-07-08 04:28	system	post-session	处理完成
2026-07-08 04:40	system	post-session	处理完成
2026-07-08 05:09	system	post-session	处理完成
2026-07-08 05:10	system	post-session	处理完成
2026-07-08 05:25	system	post-session	处理完成
2026-07-08 05:39	system	post-session	处理完成
2026-07-08 06:41	system	post-session	处理完成
2026-07-08 06:41	system	post-session	处理完成
2026-07-08 07:17	system	post-session	处理完成
2026-07-08 07:20	system	post-session	处理完成
2026-07-08 07:22	system	post-session	处理完成
2026-07-08 07:30	system	post-session	处理完成
2026-07-08 08:50	system	post-session	处理完成
2026-07-08 08:51	system	post-session	处理完成
2026-07-08 09:33	system	post-session	处理完成
2026-07-08 09:48	system	post-session	处理完成
2026-07-08 09:50	system	post-session	处理完成
2026-07-08 09:51	system	post-session	处理完成
2026-07-08 09:52	system	post-session	处理完成
2026-07-08 10:04	system	post-session	处理完成
2026-07-08 10:06	system	post-session	处理完成
2026-07-08 10:09	system	post-session	处理完成
2026-07-08 10:12	system	post-session	处理完成
2026-07-08 10:18	system	post-session	处理完成
2026-07-08 10:29	system	post-session	处理完成
2026-07-08 10:56	system	post-session	处理完成
2026-07-08 10:57	system	post-session	处理完成
2026-07-08 11:09	system	post-session	处理完成
2026-07-08 11:19	system	post-session	处理完成
2026-07-08 12:30	system	post-session	处理完成
2026-07-08 12:30	system	post-session	处理完成
2026-07-08 12:32	system	post-session	处理完成
2026-07-08 12:34	system	post-session	处理完成
2026-07-08 12:40	system	post-session	处理完成
2026-07-08 13:03	system	post-session	处理完成
2026-07-08 13:09	system	post-session	处理完成
2026-07-08 14:43	system	post-session	处理完成
2026-07-08 14:44	system	post-session	处理完成
2026-07-08 14:49	system	post-session	处理完成
2026-07-09 01:37	system	post-session	处理完成
2026-07-09 01:38	system	post-session	处理完成
2026-07-09 01:54	system	post-session	处理完成
2026-07-09 02:16	system	post-session	处理完成
2026-07-09 02:41	system	post-session	处理完成
2026-07-09 02:42	system	post-session	处理完成
2026-07-09 02:45	system	post-session	处理完成
2026-07-09 03:15	system	post-session	处理完成
2026-07-09 03:37	system	post-session	处理完成
2026-07-09 03:39	system	post-session	处理完成
2026-07-09 03:45	system	post-session	处理完成
2026-07-09 03:45	system	post-session	处理完成
2026-07-09 04:15	system	post-session	处理完成
2026-07-09 04:42	system	post-session	处理完成
2026-07-09 04:55	system	post-session	处理完成
2026-07-09 04:55	system	post-session	处理完成
2026-07-09 05:03	system	post-session	处理完成
2026-07-09 05:05	system	post-session	处理完成
2026-07-09 05:08	system	post-session	处理完成
2026-07-09 05:10	system	post-session	处理完成
2026-07-09 05:14	system	post-session	处理完成
2026-07-09 05:16	system	post-session	处理完成
2026-07-09 05:32	system	post-session	处理完成
2026-07-09 05:39	system	post-session	处理完成
2026-07-09 05:42	system	post-session	处理完成
2026-07-09 05:47	system	post-session	处理完成
2026-07-09 05:47	system	post-session	处理完成
2026-07-09 05:49	system	post-session	处理完成
2026-07-09 05:58	system	post-session	处理完成
2026-07-09 05:59	system	post-session	处理完成
2026-07-09 06:19	system	post-session	处理完成
2026-07-09 06:26	system	post-session	处理完成
2026-07-09 06:52	system	post-session	处理完成
2026-07-09 07:12	system	post-session	处理完成
2026-07-09 07:13	system	post-session	处理完成
2026-07-09 07:15	system	post-session	处理完成
2026-07-09 07:34	system	post-session	处理完成
2026-07-09 07:34	system	post-session	处理完成
2026-07-09 07:41	system	post-session	处理完成
2026-07-09 07:53	system	post-session	处理完成
2026-07-09 08:04	system	post-session	处理完成
2026-07-09 08:07	system	post-session	处理完成
2026-07-09 08:08	system	post-session	处理完成
2026-07-09 08:11	system	post-session	处理完成
2026-07-09 08:29	system	post-session	处理完成
2026-07-09 08:30	system	post-session	处理完成
2026-07-09 08:31	system	post-session	处理完成
2026-07-09 08:35	system	post-session	处理完成
2026-07-09 09:09	system	post-session	处理完成
2026-07-09 09:12	system	post-session	处理完成
2026-07-09 09:28	system	post-session	处理完成
2026-07-09 09:34	system	post-session	处理完成
2026-07-09 09:36	system	post-session	处理完成
2026-07-09 09:37	system	post-session	处理完成
2026-07-09 09:44	system	post-session	处理完成
2026-07-09 09:56	system	post-session	处理完成
2026-07-09 10:04	system	post-session	处理完成
2026-07-09 10:06	system	post-session	处理完成
2026-07-09 10:07	system	post-session	处理完成
2026-07-09 10:10	system	post-session	处理完成
2026-07-09 10:16	system	post-session	处理完成
2026-07-09 10:37	system	post-session	处理完成
2026-07-09 10:38	system	post-session	处理完成
2026-07-09 10:44	system	post-session	处理完成
2026-07-09 10:52	system	post-session	处理完成
2026-07-09 10:57	system	post-session	处理完成
2026-07-09 11:04	system	post-session	处理完成
2026-07-09 11:08	system	post-session	处理完成
2026-07-09 11:12	system	post-session	处理完成
2026-07-09 11:45	system	post-session	处理完成
2026-07-09 11:46	system	post-session	处理完成
2026-07-09 11:52	system	post-session	处理完成
2026-07-09 13:23	system	post-session	处理完成
2026-07-09 13:23	system	post-session	处理完成
2026-07-09 13:27	system	post-session	处理完成
2026-07-09 13:27	system	post-session	处理完成
2026-07-09 13:39	system	post-session	处理完成
2026-07-09 13:51	system	post-session	处理完成
2026-07-09 14:02	system	post-session	处理完成
2026-07-09 14:04	system	post-session	处理完成
2026-07-09 14:18	system	post-session	处理完成
2026-07-09 14:22	system	post-session	处理完成
2026-07-09 14:40	system	post-session	处理完成
2026-07-09 14:41	system	post-session	处理完成
2026-07-09 15:52	system	post-session	处理完成
2026-07-09 15:53	system	post-session	处理完成
2026-07-09 15:55	system	post-session	处理完成
2026-07-09 16:11	system	post-session	处理完成
2026-07-09 16:25	system	post-session	处理完成
2026-07-09 16:25	system	post-session	处理完成
2026-07-09 17:24	system	post-session	处理完成
2026-07-09 17:25	system	post-session	处理完成
2026-07-09 17:35	system	post-session	处理完成
2026-07-09 17:41	system	post-session	处理完成
2026-07-09 18:41	system	post-session	处理完成
2026-07-09 18:42	system	post-session	处理完成
2026-07-09 18:44	system	post-session	处理完成
2026-07-09 18:46	system	post-session	处理完成
2026-07-09 19:00	system	post-session	处理完成
2026-07-09 19:04	system	post-session	处理完成
2026-07-09 19:06	system	post-session	处理完成
2026-07-09 19:08	system	post-session	处理完成
2026-07-09 19:08	system	post-session	处理完成
2026-07-09 19:12	system	post-session	处理完成
2026-07-09 19:12	system	post-session	处理完成
2026-07-09 19:13	system	post-session	处理完成
2026-07-09 19:13	system	post-session	处理完成
2026-07-09 19:17	system	post-session	处理完成
2026-07-09 19:18	system	post-session	处理完成
2026-07-09 19:21	system	post-session	处理完成
2026-07-09 19:22	system	post-session	处理完成
2026-07-09 19:24	system	post-session	处理完成
2026-07-09 19:26	system	post-session	处理完成
2026-07-09 19:32	system	post-session	处理完成
2026-07-09 19:36	system	post-session	处理完成
2026-07-09 19:40	system	post-session	处理完成
2026-07-09 19:42	system	post-session	处理完成
2026-07-09 19:43	system	post-session	处理完成
2026-07-09 19:50	system	post-session	处理完成
2026-07-09 19:54	system	post-session	处理完成
2026-07-09 19:58	system	post-session	处理完成
2026-07-09 20:00	system	post-session	处理完成
2026-07-09 20:05	system	post-session	处理完成
2026-07-09 20:09	system	post-session	处理完成
2026-07-10 02:45	system	post-session	处理完成
2026-07-10 02:46	system	post-session	处理完成
2026-07-10 03:05	system	post-session	处理完成
2026-07-10 03:07	system	post-session	处理完成
2026-07-10 03:11	system	post-session	处理完成
2026-07-10 03:16	system	post-session	处理完成
2026-07-10 03:39	system	post-session	处理完成
2026-07-10 03:40	system	post-session	处理完成
2026-07-10 03:46	system	post-session	处理完成
2026-07-10 03:46	system	post-session	处理完成
2026-07-10 03:47	system	post-session	处理完成
2026-07-10 03:47	system	post-session	处理完成
2026-07-10 03:50	system	post-session	处理完成
2026-07-10 03:50	system	post-session	处理完成
2026-07-10 04:05	system	post-session	处理完成
2026-07-10 04:05	system	post-session	处理完成
2026-07-10 04:05	system	post-session	处理完成
2026-07-10 04:06	system	post-session	处理完成
2026-07-10 04:07	system	post-session	处理完成
2026-07-10 04:10	system	post-session	处理完成
2026-07-10 04:11	system	post-session	处理完成
2026-07-10 04:18	system	post-session	处理完成
2026-07-10 04:19	system	post-session	处理完成
2026-07-10 04:20	system	post-session	处理完成
2026-07-10 04:22	system	post-session	处理完成
2026-07-10 04:29	system	post-session	处理完成
2026-07-10 04:29	system	post-session	处理完成
2026-07-10 04:30	system	post-session	处理完成
2026-07-10 04:47	system	post-session	处理完成
2026-07-10 04:48	system	post-session	处理完成
2026-07-10 04:48	system	post-session	处理完成
2026-07-10 04:50	system	post-session	处理完成
2026-07-10 04:54	system	post-session	处理完成
2026-07-10 05:29	system	post-session	处理完成
2026-07-10 05:44	system	post-session	处理完成
2026-07-10 06:02	system	post-session	处理完成
2026-07-10 06:02	system	post-session	处理完成
2026-07-10 06:10	system	post-session	处理完成
2026-07-10 06:56	system	post-session	处理完成
2026-07-10 07:16	system	post-session	处理完成
2026-07-10 07:16	system	post-session	处理完成
2026-07-10 07:24	system	post-session	处理完成
2026-07-10 07:49	system	post-session	处理完成
2026-07-10 08:31	system	post-session	处理完成
2026-07-10 08:31	system	post-session	处理完成
2026-07-10 08:57	system	post-session	处理完成
2026-07-10 08:59	system	post-session	处理完成
2026-07-10 09:00	system	post-session	处理完成
2026-07-10 09:02	system	post-session	处理完成
2026-07-10 09:44	system	post-session	处理完成
2026-07-10 09:44	system	post-session	处理完成
2026-07-10 09:45	system	post-session	处理完成
2026-07-10 09:57	system	post-session	处理完成
2026-07-10 10:08	system	post-session	处理完成
2026-07-10 10:14	system	post-session	处理完成
2026-07-10 10:21	system	post-session	处理完成
2026-07-10 10:53	system	post-session	处理完成
2026-07-10 10:59	system	post-session	处理完成
2026-07-10 10:59	system	post-session	处理完成
2026-07-10 11:00	system	post-session	处理完成
2026-07-10 11:41	system	post-session	处理完成
2026-07-10 12:18	system	post-session	处理完成
2026-07-10 12:31	system	post-session	处理完成
2026-07-10 12:31	system	post-session	处理完成
2026-07-10 12:32	system	post-session	处理完成
2026-07-10 13:17	system	post-session	处理完成
2026-07-10 13:45	system	post-session	处理完成
2026-07-10 13:51	system	post-session	处理完成
2026-07-10 13:52	system	post-session	处理完成
2026-07-10 14:05	system	post-session	处理完成
2026-07-10 14:05	system	post-session	处理完成
2026-07-10 14:12	system	post-session	处理完成
2026-07-10 14:20	system	post-session	处理完成
2026-07-10 14:24	system	post-session	处理完成
2026-07-10 15:12	system	post-session	处理完成
2026-07-10 15:16	system	post-session	处理完成
2026-07-10 15:17	system	post-session	处理完成
2026-07-10 15:20	system	post-session	处理完成
2026-07-10 17:36	system	post-session	处理完成
2026-07-10 17:36	system	post-session	处理完成
2026-07-10 17:38	system	post-session	处理完成
2026-07-10 18:29	system	post-session	处理完成
2026-07-10 18:30	system	post-session	处理完成
2026-07-10 18:57	system	post-session	处理完成
2026-07-10 18:58	system	post-session	处理完成
2026-07-11 02:35	system	post-session	处理完成
2026-07-11 02:35	system	post-session	处理完成
2026-07-11 02:35	system	post-session	处理完成
2026-07-11 02:37	system	post-session	处理完成
2026-07-11 02:38	system	post-session	处理完成
2026-07-11 03:00	system	post-session	处理完成
2026-07-11 03:39	system	post-session	处理完成
2026-07-11 03:39	system	post-session	处理完成
2026-07-11 03:40	system	post-session	处理完成
2026-07-11 03:43	system	post-session	处理完成
2026-07-11 03:44	system	post-session	处理完成
2026-07-11 03:45	system	post-session	处理完成
2026-07-11 03:47	system	post-session	处理完成
2026-07-11 03:50	system	post-session	处理完成
2026-07-11 04:51	system	post-session	处理完成
2026-07-11 04:51	system	post-session	处理完成
2026-07-11 04:53	system	post-session	处理完成
2026-07-11 05:02	system	post-session	处理完成
2026-07-11 06:55	system	post-session	处理完成
2026-07-11 06:56	system	post-session	处理完成
2026-07-11 08:37	system	post-session	处理完成
2026-07-11 08:37	system	post-session	处理完成
2026-07-11 09:32	system	post-session	处理完成
2026-07-11 09:50	system	post-session	处理完成
2026-07-11 09:51	system	post-session	处理完成
2026-07-11 09:53	system	post-session	处理完成
2026-07-11 09:55	system	post-session	处理完成
2026-07-11 10:16	system	post-session	处理完成
2026-07-11 10:26	system	post-session	处理完成
2026-07-11 10:48	system	post-session	处理完成
2026-07-11 10:51	system	post-session	处理完成
2026-07-11 10:51	system	post-session	处理完成
2026-07-11 10:59	system	post-session	处理完成
2026-07-11 11:01	system	post-session	处理完成
2026-07-11 11:09	system	post-session	处理完成
2026-07-11 11:13	system	post-session	处理完成
2026-07-11 11:18	system	post-session	处理完成
2026-07-11 11:28	system	post-session	处理完成
2026-07-11 11:31	system	post-session	处理完成
2026-07-11 11:34	system	post-session	处理完成
2026-07-11 12:24	system	post-session	处理完成
2026-07-11 12:25	system	post-session	处理完成
2026-07-11 13:00	system	post-session	处理完成
2026-07-11 13:37	system	post-session	处理完成
2026-07-11 13:37	system	post-session	处理完成
2026-07-11 14:15	system	post-session	处理完成
2026-07-11 14:27	system	post-session	处理完成
2026-07-11 14:35	system	post-session	处理完成
2026-07-11 14:36	system	post-session	处理完成
2026-07-11 17:31	system	post-session	处理完成
2026-07-11 17:31	system	post-session	处理完成
2026-07-11 17:38	system	post-session	处理完成
2026-07-12 03:21	system	post-session	处理完成
2026-07-12 03:21	system	post-session	处理完成
2026-07-12 03:22	system	post-session	处理完成
2026-07-12 03:52	system	post-session	处理完成
2026-07-12 04:17	system	post-session	处理完成
2026-07-12 04:30	system	post-session	处理完成
2026-07-12 04:30	system	post-session	处理完成
2026-07-12 04:32	system	post-session	处理完成
2026-07-12 05:35	system	post-session	处理完成
2026-07-12 05:56	system	post-session	处理完成
2026-07-12 05:56	system	post-session	处理完成
2026-07-12 07:29	system	post-session	处理完成
2026-07-12 07:29	system	post-session	处理完成
2026-07-12 07:32	system	post-session	处理完成
2026-07-12 09:43	system	post-session	处理完成
2026-07-12 09:53	system	post-session	处理完成
2026-07-12 09:53	system	post-session	处理完成
2026-07-12 10:22	system	post-session	处理完成
2026-07-12 10:26	system	post-session	处理完成
2026-07-12 10:28	system	post-session	处理完成
2026-07-12 11:03	system	post-session	处理完成
2026-07-12 11:03	system	post-session	处理完成
2026-07-12 11:10	system	post-session	处理完成
2026-07-12 11:12	system	post-session	处理完成
2026-07-12 11:24	system	post-session	处理完成
2026-07-12 11:34	system	post-session	处理完成
2026-07-12 11:42	system	post-session	处理完成
2026-07-12 11:58	system	post-session	处理完成
2026-07-12 12:14	system	post-session	处理完成
2026-07-12 12:15	system	post-session	处理完成
2026-07-12 12:28	system	post-session	处理完成
2026-07-12 12:30	system	post-session	处理完成
2026-07-12 12:31	system	post-session	处理完成
2026-07-12 12:38	system	post-session	处理完成
2026-07-12 12:51	system	post-session	处理完成
2026-07-12 13:02	system	post-session	处理完成
2026-07-12 14:03	system	post-session	处理完成
2026-07-12 14:03	system	post-session	处理完成
2026-07-12 14:29	system	post-session	处理完成
2026-07-12 15:18	system	post-session	处理完成
2026-07-12 15:18	system	post-session	处理完成
2026-07-12 15:29	system	post-session	处理完成
2026-07-12 15:58	system	post-session	处理完成
2026-07-12 16:17	system	post-session	处理完成
2026-07-12 16:22	system	post-session	处理完成
2026-07-12 16:23	system	post-session	处理完成
2026-07-12 16:33	system	post-session	处理完成
2026-07-12 16:40	system	post-session	处理完成
2026-07-12 16:43	system	post-session	处理完成
2026-07-12 16:47	system	post-session	处理完成
2026-07-12 16:55	system	post-session	处理完成
2026-07-12 16:57	system	post-session	处理完成
2026-07-12 17:02	system	post-session	处理完成
2026-07-12 17:50	system	post-session	处理完成
2026-07-12 17:50	system	post-session	处理完成
2026-07-12 17:54	system	post-session	处理完成
2026-07-12 18:05	system	post-session	处理完成
2026-07-12 18:12	system	post-session	处理完成
2026-07-12 18:50	system	post-session	处理完成
2026-07-12 18:51	system	post-session	处理完成
2026-07-12 18:53	system	post-session	处理完成
2026-07-12 19:05	system	post-session	处理完成
2026-07-12 19:09	system	post-session	处理完成
2026-07-12 19:12	system	post-session	处理完成
2026-07-12 19:16	system	post-session	处理完成
2026-07-12 19:19	system	post-session	处理完成
2026-07-12 19:22	system	post-session	处理完成
2026-07-12 19:27	system	post-session	处理完成
2026-07-12 19:30	system	post-session	处理完成
2026-07-12 19:44	system	post-session	处理完成
2026-07-12 20:02	system	post-session	处理完成
2026-07-12 20:02	system	post-session	处理完成
2026-07-12 20:30	system	post-session	处理完成
2026-07-12 20:34	system	post-session	处理完成
2026-07-13 02:36	system	post-session	处理完成
2026-07-13 02:36	system	post-session	处理完成
2026-07-13 02:36	system	post-session	处理完成
2026-07-13 03:13	system	post-session	处理完成
2026-07-13 03:17	system	post-session	处理完成
2026-07-13 03:40	system	post-session	处理完成
2026-07-13 03:40	system	post-session	处理完成
2026-07-13 03:49	system	post-session	处理完成
2026-07-13 03:51	system	post-session	处理完成
2026-07-13 04:17	system	post-session	处理完成
2026-07-13 04:22	system	post-session	处理完成
2026-07-13 04:24	system	post-session	处理完成
2026-07-13 04:26	system	post-session	处理完成
2026-07-13 04:28	system	post-session	处理完成
2026-07-13 04:30	system	post-session	处理完成
2026-07-13 04:33	system	post-session	处理完成
2026-07-13 04:35	system	post-session	处理完成
2026-07-13 05:04	system	post-session	处理完成
2026-07-13 05:05	system	post-session	处理完成
2026-07-13 05:06	system	post-session	处理完成
2026-07-13 05:08	system	post-session	处理完成
2026-07-13 05:11	system	post-session	处理完成
2026-07-13 05:15	system	post-session	处理完成
2026-07-13 05:17	system	post-session	处理完成
2026-07-13 05:20	system	post-session	处理完成
2026-07-13 05:34	system	post-session	处理完成
2026-07-13 05:37	system	post-session	处理完成
2026-07-13 05:39	system	post-session	处理完成
2026-07-13 05:40	system	post-session	处理完成
2026-07-13 05:48	system	post-session	处理完成
2026-07-13 06:44	system	post-session	处理完成
2026-07-13 06:45	system	post-session	处理完成
2026-07-13 06:54	system	post-session	处理完成
2026-07-13 07:21	system	post-session	处理完成
2026-07-13 07:33	system	post-session	处理完成
2026-07-13 07:36	system	post-session	处理完成
2026-07-13 07:44	system	post-session	处理完成
2026-07-13 08:32	system	post-session	处理完成
2026-07-13 08:46	system	post-session	处理完成
2026-07-13 08:52	system	post-session	处理完成
2026-07-13 08:52	system	post-session	处理完成
2026-07-13 09:11	system	post-session	处理完成
2026-07-13 09:24	system	post-session	处理完成
2026-07-13 09:41	system	post-session	处理完成
2026-07-13 09:43	system	post-session	处理完成
2026-07-13 10:05	system	post-session	处理完成
2026-07-13 10:05	system	post-session	处理完成
2026-07-13 10:05	system	post-session	处理完成
2026-07-13 10:30	system	post-session	处理完成
2026-07-13 10:39	system	post-session	处理完成
2026-07-13 10:51	system	post-session	处理完成
2026-07-13 11:41	system	post-session	处理完成
2026-07-13 11:41	system	post-session	处理完成
2026-07-13 12:15	system	post-session	处理完成
2026-07-13 12:16	system	post-session	处理完成
2026-07-13 12:20	system	post-session	处理完成
2026-07-13 12:24	system	post-session	处理完成
2026-07-13 12:26	system	post-session	处理完成
2026-07-13 12:27	system	post-session	处理完成
2026-07-13 12:30	system	post-session	处理完成
2026-07-13 13:09	system	post-session	处理完成
2026-07-13 13:10	system	post-session	处理完成
2026-07-13 13:11	system	post-session	处理完成
2026-07-13 13:11	system	post-session	处理完成
2026-07-13 13:26	system	post-session	处理完成
2026-07-13 13:34	system	post-session	处理完成
2026-07-13 13:41	system	post-session	处理完成
2026-07-13 13:41	system	post-session	处理完成
2026-07-13 13:45	system	post-session	处理完成
2026-07-13 13:55	system	post-session	处理完成
2026-07-13 13:57	system	post-session	处理完成
2026-07-13 13:59	system	post-session	处理完成
2026-07-13 14:01	system	post-session	处理完成
2026-07-13 14:03	system	post-session	处理完成
2026-07-13 14:03	system	post-session	处理完成
2026-07-13 14:06	system	post-session	处理完成
2026-07-13 14:08	system	post-session	处理完成
2026-07-13 14:17	system	post-session	处理完成
2026-07-13 14:18	system	post-session	处理完成
2026-07-13 14:23	system	post-session	处理完成
2026-07-13 14:29	system	post-session	处理完成
2026-07-13 14:32	system	post-session	处理完成
2026-07-13 14:34	system	post-session	处理完成
2026-07-13 14:42	system	post-session	处理完成
2026-07-13 14:44	system	post-session	处理完成
2026-07-13 15:43	system	post-session	处理完成
2026-07-13 15:43	system	post-session	处理完成
2026-07-13 16:04	system	post-session	处理完成
2026-07-13 16:05	system	post-session	处理完成
2026-07-13 16:22	system	post-session	处理完成
2026-07-13 16:46	system	post-session	处理完成
2026-07-13 16:46	system	post-session	处理完成
2026-07-13 17:05	system	post-session	处理完成
2026-07-13 18:00	system	post-session	处理完成
2026-07-13 18:00	system	post-session	处理完成
2026-07-13 18:08	system	post-session	处理完成
2026-07-13 18:16	system	post-session	处理完成
2026-07-13 18:19	system	post-session	处理完成
2026-07-13 18:21	system	post-session	处理完成
2026-07-14 02:48	system	post-session	处理完成
2026-07-14 02:49	system	post-session	处理完成
2026-07-14 02:56	system	post-session	处理完成
2026-07-14 03:05	system	post-session	处理完成
2026-07-14 03:51	system	post-session	处理完成
2026-07-14 03:52	system	post-session	处理完成
2026-07-14 03:58	system	post-session	处理完成
2026-07-14 04:22	system	post-session	处理完成
2026-07-14 04:24	system	post-session	处理完成
2026-07-14 04:24	system	post-session	处理完成
2026-07-14 04:26	system	post-session	处理完成
2026-07-14 04:59	system	post-session	处理完成
2026-07-14 04:59	system	post-session	处理完成
2026-07-14 05:08	system	post-session	处理完成
2026-07-14 05:10	system	post-session	处理完成
2026-07-14 05:10	system	post-session	处理完成
2026-07-14 05:18	system	post-session	处理完成
2026-07-14 05:37	system	post-session	处理完成
2026-07-14 05:43	system	post-session	处理完成
2026-07-14 05:47	system	post-session	处理完成
2026-07-14 05:54	system	post-session	处理完成
2026-07-14 06:04	system	post-session	处理完成
2026-07-14 06:05	system	post-session	处理完成
2026-07-14 06:08	system	post-session	处理完成
2026-07-14 06:33	system	post-session	处理完成
2026-07-14 06:34	system	post-session	处理完成
2026-07-14 06:43	system	post-session	处理完成
2026-07-14 08:22	system	post-session	处理完成
2026-07-14 08:22	system	post-session	处理完成
2026-07-14 08:28	system	post-session	处理完成
2026-07-14 08:30	system	post-session	处理完成
2026-07-14 08:33	system	post-session	处理完成
2026-07-14 08:36	system	post-session	处理完成
2026-07-14 08:40	system	post-session	处理完成
2026-07-14 08:42	system	post-session	处理完成
2026-07-14 08:44	system	post-session	处理完成
2026-07-14 08:46	system	post-session	处理完成
2026-07-14 08:52	system	post-session	处理完成
2026-07-14 08:54	system	post-session	处理完成
2026-07-14 08:58	system	post-session	处理完成
2026-07-14 09:11	system	post-session	处理完成
2026-07-14 09:18	system	post-session	处理完成
2026-07-14 09:31	system	post-session	处理完成
2026-07-14 09:32	system	post-session	处理完成
2026-07-14 09:34	system	post-session	处理完成
2026-07-14 09:51	system	post-session	处理完成
2026-07-14 09:51	system	post-session	处理完成
2026-07-14 09:51	system	post-session	处理完成
2026-07-14 09:55	system	post-session	处理完成
2026-07-14 09:57	system	post-session	处理完成
2026-07-14 10:02	system	post-session	处理完成
2026-07-14 10:21	system	post-session	处理完成
2026-07-14 10:36	system	post-session	处理完成
2026-07-14 10:36	system	post-session	处理完成
2026-07-14 10:38	system	post-session	处理完成
2026-07-14 10:50	system	post-session	处理完成
2026-07-14 11:00	system	post-session	处理完成
2026-07-14 11:13	system	post-session	处理完成
2026-07-14 11:16	system	post-session	处理完成
2026-07-14 11:25	system	post-session	处理完成
2026-07-14 11:41	system	post-session	处理完成
2026-07-14 11:41	system	post-session	处理完成
2026-07-14 12:03	system	post-session	处理完成
2026-07-14 12:06	system	post-session	处理完成
2026-07-14 12:06	system	post-session	处理完成
2026-07-14 12:08	system	post-session	处理完成
2026-07-14 12:14	system	post-session	处理完成
2026-07-14 12:34	system	post-session	处理完成
2026-07-14 12:41	system	post-session	处理完成
2026-07-14 12:41	system	post-session	处理完成
2026-07-14 12:52	system	post-session	处理完成
2026-07-14 12:57	system	post-session	处理完成
2026-07-14 13:03	system	post-session	处理完成
2026-07-14 13:06	system	post-session	处理完成
2026-07-14 13:24	system	post-session	处理完成
2026-07-14 13:26	system	post-session	处理完成
2026-07-14 13:28	system	post-session	处理完成
2026-07-14 13:38	system	post-session	处理完成
2026-07-14 13:40	system	post-session	处理完成
2026-07-14 13:44	system	post-session	处理完成
2026-07-14 13:45	system	post-session	处理完成
2026-07-14 13:47	system	post-session	处理完成
2026-07-14 13:51	system	post-session	处理完成
2026-07-14 13:58	system	post-session	处理完成
2026-07-14 14:23	system	post-session	处理完成
2026-07-14 14:26	system	post-session	处理完成
2026-07-14 14:36	system	post-session	处理完成
2026-07-14 14:47	system	post-session	处理完成
2026-07-14 14:47	system	post-session	处理完成
2026-07-14 14:52	system	post-session	处理完成
2026-07-14 14:54	system	post-session	处理完成
2026-07-14 15:46	system	post-session	处理完成
2026-07-14 16:05	system	post-session	处理完成
2026-07-14 16:05	system	post-session	处理完成
2026-07-14 16:08	system	post-session	处理完成
2026-07-14 16:12	system	post-session	处理完成
2026-07-14 16:14	system	post-session	处理完成
2026-07-14 16:16	system	post-session	处理完成
2026-07-14 16:43	system	post-session	处理完成
2026-07-14 16:46	system	post-session	处理完成
2026-07-14 16:50	system	post-session	处理完成
2026-07-14 16:56	system	post-session	处理完成
2026-07-14 17:46	system	post-session	处理完成
2026-07-14 17:46	system	post-session	处理完成
2026-07-14 17:50	system	post-session	处理完成
2026-07-14 17:55	system	post-session	处理完成
2026-07-14 17:59	system	post-session	处理完成
2026-07-14 18:00	system	post-session	处理完成
2026-07-14 18:02	system	post-session	处理完成
2026-07-14 18:10	system	post-session	处理完成
2026-07-14 18:46	system	post-session	处理完成
2026-07-14 18:52	system	post-session	处理完成
2026-07-14 18:52	system	post-session	处理完成
2026-07-14 19:04	system	post-session	处理完成
2026-07-14 19:06	system	post-session	处理完成
2026-07-14 19:09	system	post-session	处理完成
2026-07-14 19:13	system	post-session	处理完成
2026-07-14 19:32	system	post-session	处理完成
2026-07-14 19:36	system	post-session	处理完成
2026-07-14 19:38	system	post-session	处理完成
2026-07-14 19:41	system	post-session	处理完成
2026-07-15 01:17	system	post-session	处理完成
2026-07-15 01:17	system	post-session	处理完成
2026-07-15 02:32	system	post-session	处理完成
2026-07-15 02:32	system	post-session	处理完成
2026-07-15 02:34	system	post-session	处理完成
2026-07-15 02:37	system	post-session	处理完成
2026-07-15 02:39	system	post-session	处理完成
2026-07-15 02:42	system	post-session	处理完成
2026-07-15 03:10	system	post-session	处理完成
2026-07-15 03:21	system	post-session	处理完成
2026-07-15 03:26	system	post-session	处理完成
2026-07-15 03:33	system	post-session	处理完成
2026-07-15 03:33	system	post-session	处理完成
2026-07-15 03:34	system	post-session	处理完成
2026-07-15 03:35	system	post-session	处理完成
2026-07-15 03:38	system	post-session	处理完成
2026-07-15 03:40	system	post-session	处理完成
2026-07-15 04:12	system	post-session	处理完成
2026-07-15 04:50	system	post-session	处理完成
2026-07-15 04:51	system	post-session	处理完成
2026-07-15 04:56	system	post-session	处理完成
2026-07-15 05:01	system	post-session	处理完成
2026-07-15 05:03	system	post-session	处理完成
2026-07-15 05:06	system	post-session	处理完成
2026-07-15 05:12	system	post-session	处理完成
2026-07-15 05:19	system	post-session	处理完成
2026-07-15 05:22	system	post-session	处理完成
2026-07-15 05:30	system	post-session	处理完成
2026-07-15 05:32	system	post-session	处理完成
2026-07-15 05:36	system	post-session	处理完成
2026-07-15 05:37	system	post-session	处理完成
2026-07-15 05:40	system	post-session	处理完成
2026-07-15 05:41	system	post-session	处理完成
2026-07-15 05:42	system	post-session	处理完成
2026-07-15 05:55	system	post-session	处理完成
2026-07-15 05:56	system	post-session	处理完成
2026-07-15 06:06	system	post-session	处理完成
2026-07-15 06:23	system	post-session	处理完成
2026-07-15 06:42	system	post-session	处理完成
2026-07-15 06:42	system	post-session	处理完成
2026-07-15 06:45	system	post-session	处理完成
2026-07-15 06:49	system	post-session	处理完成
2026-07-15 06:55	system	post-session	处理完成
2026-07-15 07:02	system	post-session	处理完成
2026-07-15 07:03	system	post-session	处理完成
2026-07-15 07:06	system	post-session	处理完成
2026-07-15 07:11	system	post-session	处理完成
2026-07-15 07:22	system	post-session	处理完成
2026-07-15 07:25	system	post-session	处理完成
2026-07-15 07:28	system	post-session	处理完成
2026-07-15 07:44	system	post-session	处理完成
2026-07-15 07:46	system	post-session	处理完成
2026-07-15 07:48	system	post-session	处理完成
2026-07-15 07:48	system	post-session	处理完成
2026-07-15 07:48	system	post-session	处理完成
2026-07-15 08:04	system	post-session	处理完成
2026-07-15 08:04	system	post-session	处理完成
2026-07-15 08:06	system	post-session	处理完成
2026-07-15 08:11	system	post-session	处理完成
2026-07-15 08:17	system	post-session	处理完成
2026-07-15 08:21	system	post-session	处理完成
2026-07-15 08:23	system	post-session	处理完成
2026-07-15 08:25	system	post-session	处理完成
2026-07-15 08:32	system	post-session	处理完成
2026-07-15 08:50	system	post-session	处理完成
2026-07-15 08:53	system	post-session	处理完成
2026-07-15 08:55	system	post-session	处理完成
2026-07-15 08:57	system	post-session	处理完成
2026-07-15 09:01	system	post-session	处理完成
2026-07-15 09:03	system	post-session	处理完成
2026-07-15 09:11	system	post-session	处理完成
2026-07-15 09:12	system	post-session	处理完成
2026-07-15 09:15	system	post-session	处理完成
2026-07-15 09:17	system	post-session	处理完成
2026-07-15 09:32	system	post-session	处理完成
2026-07-15 09:35	system	post-session	处理完成
2026-07-15 09:37	system	post-session	处理完成
2026-07-15 09:39	system	post-session	处理完成
2026-07-15 09:42	system	post-session	处理完成
2026-07-15 09:43	system	post-session	处理完成
2026-07-15 09:43	system	post-session	处理完成
2026-07-15 09:44	system	post-session	处理完成
2026-07-15 09:45	system	post-session	处理完成
2026-07-15 09:47	system	post-session	处理完成
2026-07-15 11:20	system	post-session	处理完成
2026-07-15 11:21	system	post-session	处理完成
2026-07-15 11:21	system	post-session	处理完成
2026-07-15 11:21	system	post-session	处理完成
2026-07-15 11:28	system	post-session	处理完成
2026-07-15 11:52	system	post-session	处理完成
2026-07-15 12:32	system	post-session	处理完成
2026-07-15 12:32	system	post-session	处理完成
2026-07-15 12:34	system	post-session	处理完成
2026-07-15 12:41	system	post-session	处理完成
2026-07-15 12:41	system	post-session	处理完成
2026-07-15 12:44	system	post-session	处理完成
2026-07-15 14:28	system	post-session	处理完成
2026-07-15 14:28	system	post-session	处理完成
2026-07-15 14:29	system	post-session	处理完成
2026-07-15 15:01	system	post-session	处理完成
2026-07-15 15:21	system	post-session	处理完成
2026-07-15 15:42	system	post-session	处理完成
2026-07-15 15:42	system	post-session	处理完成
2026-07-15 15:44	system	post-session	处理完成
2026-07-15 15:47	system	post-session	处理完成
2026-07-15 15:49	system	post-session	处理完成
2026-07-15 15:51	system	post-session	处理完成
2026-07-15 16:00	system	post-session	处理完成
2026-07-15 16:07	system	post-session	处理完成
2026-07-15 16:09	system	post-session	处理完成
2026-07-15 16:11	system	post-session	处理完成
2026-07-15 16:15	system	post-session	处理完成
2026-07-15 16:16	system	post-session	处理完成
2026-07-15 16:17	system	post-session	处理完成
2026-07-15 16:19	system	post-session	处理完成
2026-07-15 16:44	system	post-session	处理完成
2026-07-15 16:44	system	post-session	处理完成
2026-07-15 17:16	system	post-session	处理完成
2026-07-15 17:21	system	post-session	处理完成
2026-07-15 17:35	system	post-session	处理完成
2026-07-15 18:08	system	post-session	处理完成
2026-07-15 18:09	system	post-session	处理完成
2026-07-15 18:12	system	post-session	处理完成
2026-07-15 18:15	system	post-session	处理完成
2026-07-15 18:17	system	post-session	处理完成
2026-07-15 18:20	system	post-session	处理完成
2026-07-15 18:23	system	post-session	处理完成
2026-07-15 18:57	system	post-session	处理完成
2026-07-15 20:05	system	post-session	处理完成
2026-07-15 20:05	system	post-session	处理完成
2026-07-16 09:46	system	post-session	处理完成
2026-07-16 09:46	system	post-session	处理完成
2026-07-16 09:46	system	post-session	处理完成
2026-07-16 10:28	system	post-session	处理完成
2026-07-16 10:28	system	post-session	处理完成
2026-07-16 10:31	system	post-session	处理完成
2026-07-16 10:35	system	post-session	处理完成
2026-07-16 10:49	system	post-session	处理完成
2026-07-16 10:50	system	post-session	处理完成
2026-07-16 11:23	system	post-session	处理完成
2026-07-16 11:39	system	post-session	处理完成
2026-07-16 11:39	system	post-session	处理完成
2026-07-16 11:44	system	post-session	处理完成
2026-07-16 13:18	system	post-session	处理完成
2026-07-16 13:18	system	post-session	处理完成
2026-07-16 13:22	system	post-session	处理完成
2026-07-16 13:37	system	post-session	处理完成
2026-07-16 13:38	system	post-session	处理完成
2026-07-16 13:46	system	post-session	处理完成
2026-07-16 13:57	system	post-session	处理完成
2026-07-16 13:59	system	post-session	处理完成
2026-07-16 14:01	system	post-session	处理完成
2026-07-16 14:45	system	post-session	处理完成
2026-07-16 14:45	system	post-session	处理完成
2026-07-16 14:49	system	post-session	处理完成
2026-07-16 14:56	system	post-session	处理完成
2026-07-16 15:01	system	post-session	处理完成
2026-07-16 15:03	system	post-session	处理完成
2026-07-16 15:14	system	post-session	处理完成
2026-07-16 15:44	system	post-session	处理完成
2026-07-16 15:47	system	post-session	处理完成
2026-07-16 15:48	system	post-session	处理完成
2026-07-16 16:00	system	post-session	处理完成
2026-07-16 16:23	system	post-session	处理完成
2026-07-16 16:49	system	post-session	处理完成
2026-07-16 16:50	system	post-session	处理完成
2026-07-16 17:03	system	post-session	处理完成
2026-07-16 17:18	system	post-session	处理完成
2026-07-16 17:27	system	post-session	处理完成
2026-07-16 17:37	system	post-session	处理完成
2026-07-16 17:48	system	post-session	处理完成
2026-07-16 18:13	system	post-session	处理完成
2026-07-16 18:13	system	post-session	处理完成
2026-07-16 18:14	system	post-session	处理完成
2026-07-16 18:41	system	post-session	处理完成
2026-07-16 18:41	system	post-session	处理完成
2026-07-16 18:44	system	post-session	处理完成
2026-07-16 18:52	system	post-session	处理完成
2026-07-16 19:12	system	post-session	处理完成
2026-07-16 19:35	system	post-session	处理完成
2026-07-16 19:36	system	post-session	处理完成
2026-07-16 19:48	system	post-session	处理完成
2026-07-16 20:05	system	post-session	处理完成
2026-07-16 20:36	system	post-session	处理完成
2026-07-16 20:37	system	post-session	处理完成
2026-07-16 20:54	system	post-session	处理完成
2026-07-16 21:19	system	post-session	处理完成
2026-07-16 21:57	system	post-session	处理完成
2026-07-16 21:58	system	post-session	处理完成
2026-07-16 22:00	system	post-session	处理完成
2026-07-16 22:15	system	post-session	处理完成
2026-07-17 09:28	system	post-session	处理完成
2026-07-17 09:28	system	post-session	处理完成
2026-07-17 09:31	system	post-session	处理完成
2026-07-17 09:34	system	post-session	处理完成
2026-07-17 09:37	system	post-session	处理完成
2026-07-17 09:52	system	post-session	处理完成
2026-07-17 09:54	system	post-session	处理完成
2026-07-17 09:57	system	post-session	处理完成
2026-07-17 09:58	system	post-session	处理完成
2026-07-17 10:02	system	post-session	处理完成
2026-07-17 10:04	system	post-session	处理完成
2026-07-17 10:11	system	post-session	处理完成
2026-07-17 10:14	system	post-session	处理完成
2026-07-17 10:18	system	post-session	处理完成
2026-07-17 10:49	system	post-session	处理完成
2026-07-17 12:01	system	post-session	处理完成
2026-07-17 12:02	system	post-session	处理完成
2026-07-17 12:05	system	post-session	处理完成
2026-07-17 12:17	system	post-session	处理完成
2026-07-17 12:40	system	post-session	处理完成
2026-07-17 12:58	system	post-session	处理完成
2026-07-17 13:00	system	post-session	处理完成
2026-07-17 13:02	system	post-session	处理完成
2026-07-17 13:02	system	post-session	处理完成
2026-07-17 13:17	system	post-session	处理完成
2026-07-17 13:19	system	post-session	处理完成
2026-07-17 13:31	system	post-session	处理完成
2026-07-17 13:37	system	post-session	处理完成
2026-07-17 13:42	system	post-session	处理完成
2026-07-17 13:44	system	post-session	处理完成
2026-07-17 14:15	system	post-session	处理完成
2026-07-17 14:16	system	post-session	处理完成
2026-07-17 14:18	system	post-session	处理完成
2026-07-17 14:21	system	post-session	处理完成
2026-07-17 14:23	system	post-session	处理完成
2026-07-17 14:25	system	post-session	处理完成
2026-07-17 14:37	system	post-session	处理完成
2026-07-17 14:43	system	post-session	处理完成
2026-07-17 14:45	system	post-session	处理完成
2026-07-17 14:48	system	post-session	处理完成
2026-07-17 14:50	system	post-session	处理完成
2026-07-17 14:52	system	post-session	处理完成
2026-07-17 14:52	system	post-session	处理完成
2026-07-17 14:54	system	post-session	处理完成
2026-07-17 15:30	system	post-session	处理完成
2026-07-17 15:31	system	post-session	处理完成
2026-07-17 15:37	system	post-session	处理完成
2026-07-17 15:45	system	post-session	处理完成
2026-07-17 15:45	system	post-session	处理完成
2026-07-17 16:01	system	post-session	处理完成
2026-07-17 16:08	system	post-session	处理完成
2026-07-17 16:09	system	post-session	处理完成
2026-07-17 17:43	system	post-session	处理完成
2026-07-17 18:00	system	post-session	处理完成
2026-07-17 18:12	system	post-session	处理完成
2026-07-17 18:19	system	post-session	处理完成
2026-07-17 18:24	system	post-session	处理完成
2026-07-17 18:35	system	post-session	处理完成
2026-07-17 18:56	system	post-session	处理完成
2026-07-17 18:57	system	post-session	处理完成
2026-07-17 19:08	system	post-session	处理完成
2026-07-17 19:27	system	post-session	处理完成
2026-07-17 19:45	system	post-session	处理完成
2026-07-17 19:51	system	post-session	处理完成
2026-07-17 20:11	system	post-session	处理完成
2026-07-17 20:12	system	post-session	处理完成
2026-07-17 20:19	system	post-session	处理完成
2026-07-17 20:21	system	post-session	处理完成
2026-07-17 20:24	system	post-session	处理完成
2026-07-17 20:30	system	post-session	处理完成
2026-07-17 20:58	system	post-session	处理完成
2026-07-17 21:35	system	post-session	处理完成
2026-07-17 21:35	system	post-session	处理完成
2026-07-17 21:37	system	post-session	处理完成
2026-07-17 21:39	system	post-session	处理完成
2026-07-17 21:47	system	post-session	处理完成
2026-07-17 21:57	system	post-session	处理完成
2026-07-17 22:09	system	post-session	处理完成
2026-07-17 22:19	system	post-session	处理完成
2026-07-17 22:32	system	post-session	处理完成
2026-07-17 22:46	system	post-session	处理完成
2026-07-17 22:46	system	post-session	处理完成
2026-07-17 23:07	system	post-session	处理完成
2026-07-17 23:14	system	post-session	处理完成
2026-07-17 23:17	system	post-session	处理完成
2026-07-17 23:19	system	post-session	处理完成
2026-07-17 23:21	system	post-session	处理完成
2026-07-17 23:24	system	post-session	处理完成
2026-07-17 23:27	system	post-session	处理完成
2026-07-17 23:31	system	post-session	处理完成
2026-07-18 00:04	system	post-session	处理完成
2026-07-18 00:05	system	post-session	处理完成
2026-07-18 00:14	system	post-session	处理完成
2026-07-18 00:22	system	post-session	处理完成
2026-07-18 00:26	system	post-session	处理完成
2026-07-18 00:28	system	post-session	处理完成
2026-07-18 00:45	system	post-session	处理完成
2026-07-18 00:58	system	post-session	处理完成
2026-07-18 09:21	system	post-session	处理完成
2026-07-18 09:22	system	post-session	处理完成
2026-07-18 09:24	system	post-session	处理完成
2026-07-18 09:26	system	post-session	处理完成
2026-07-18 09:47	system	post-session	处理完成
2026-07-18 10:59	system	post-session	处理完成
2026-07-18 10:59	system	post-session	处理完成
2026-07-18 11:28	system	post-session	处理完成
2026-07-18 11:50	system	post-session	处理完成
2026-07-18 11:51	system	post-session	处理完成
2026-07-18 11:53	system	post-session	处理完成
2026-07-18 12:33	system	post-session	处理完成
2026-07-18 12:33	system	post-session	处理完成
2026-07-18 12:41	system	post-session	处理完成
2026-07-18 13:00	system	post-session	处理完成
2026-07-18 13:18	system	post-session	处理完成
2026-07-18 13:37	system	post-session	处理完成
2026-07-18 13:37	system	post-session	处理完成
2026-07-18 13:47	system	post-session	处理完成
2026-07-18 13:50	system	post-session	处理完成
2026-07-18 13:50	system	post-session	处理完成
2026-07-18 14:06	system	post-session	处理完成
2026-07-18 14:07	system	post-session	处理完成
2026-07-18 14:08	system	post-session	处理完成
2026-07-18 14:26	system	post-session	处理完成
2026-07-18 14:47	system	post-session	处理完成
2026-07-18 14:48	system	post-session	处理完成
2026-07-18 14:59	system	post-session	处理完成
2026-07-18 15:51	system	post-session	处理完成
2026-07-18 15:51	system	post-session	处理完成
2026-07-18 16:55	system	post-session	处理完成
2026-07-18 16:55	system	post-session	处理完成
2026-07-18 18:02	system	post-session	处理完成
2026-07-18 18:03	system	post-session	处理完成
2026-07-18 18:36	system	post-session	处理完成
2026-07-18 18:36	system	post-session	处理完成
2026-07-18 18:36	system	post-session	处理完成
2026-07-18 18:48	system	post-session	处理完成
2026-07-18 19:31	system	post-session	处理完成
2026-07-18 19:49	system	post-session	处理完成
2026-07-18 19:50	system	post-session	处理完成
2026-07-18 21:44	system	post-session	处理完成
2026-07-18 21:44	system	post-session	处理完成
2026-07-18 21:46	system	post-session	处理完成
2026-07-18 22:15	system	post-session	处理完成
2026-07-18 23:31	system	post-session	处理完成
2026-07-18 23:31	system	post-session	处理完成
2026-07-18 23:31	system	post-session	处理完成
2026-07-19 00:01	system	post-session	处理完成
2026-07-19 01:36	system	post-session	处理完成
2026-07-19 01:36	system	post-session	处理完成
2026-07-19 02:00	system	post-session	处理完成
2026-07-19 02:20	system	post-session	处理完成
2026-07-19 02:22	system	post-session	处理完成
2026-07-19 02:27	system	post-session	处理完成
2026-07-19 02:32	system	post-session	处理完成
2026-07-19 02:39	system	post-session	处理完成
2026-07-19 02:39	system	post-session	处理完成
2026-07-19 02:52	system	post-session	处理完成
2026-07-19 03:02	system	post-session	处理完成
2026-07-19 03:15	system	post-session	处理完成
2026-07-19 11:51	system	post-session	处理完成
2026-07-19 11:51	system	post-session	处理完成
2026-07-19 11:52	system	post-session	处理完成
2026-07-19 11:52	system	post-session	处理完成
2026-07-19 11:53	system	post-session	处理完成
2026-07-19 12:02	system	post-session	处理完成
2026-07-19 12:34	system	post-session	处理完成
2026-07-19 12:35	system	post-session	处理完成
2026-07-19 12:38	system	post-session	处理完成
2026-07-19 12:54	system	post-session	处理完成
2026-07-19 12:54	system	post-session	处理完成
2026-07-19 12:55	system	post-session	处理完成
2026-07-19 12:57	system	post-session	处理完成
2026-07-19 13:03	system	post-session	处理完成
2026-07-19 13:05	system	post-session	处理完成
2026-07-19 13:32	system	post-session	处理完成
2026-07-19 13:35	system	post-session	处理完成
2026-07-19 13:38	system	post-session	处理完成
2026-07-19 13:40	system	post-session	处理完成
2026-07-19 13:46	system	post-session	处理完成
2026-07-19 13:49	system	post-session	处理完成
2026-07-19 13:53	system	post-session	处理完成
2026-07-19 13:54	system	post-session	处理完成
2026-07-19 13:56	system	post-session	处理完成
2026-07-19 13:58	system	post-session	处理完成
2026-07-19 13:59	system	post-session	处理完成
2026-07-19 14:10	system	post-session	处理完成
2026-07-19 14:19	system	post-session	处理完成
2026-07-19 14:28	system	post-session	处理完成
2026-07-19 14:30	system	post-session	处理完成
2026-07-19 14:32	system	post-session	处理完成
2026-07-19 14:36	system	post-session	处理完成
2026-07-19 14:43	system	post-session	处理完成
2026-07-19 14:45	system	post-session	处理完成
2026-07-19 14:47	system	post-session	处理完成
2026-07-19 14:48	system	post-session	处理完成
2026-07-19 14:50	system	post-session	处理完成
2026-07-19 14:50	system	post-session	处理完成
2026-07-19 14:58	system	post-session	处理完成
2026-07-19 15:00	system	post-session	处理完成
2026-07-19 15:00	system	post-session	处理完成
2026-07-19 15:36	system	post-session	处理完成
2026-07-19 15:37	system	post-session	处理完成
2026-07-19 15:39	system	post-session	处理完成
2026-07-19 15:42	system	post-session	处理完成
2026-07-19 15:57	system	post-session	处理完成
2026-07-19 16:25	system	post-session	处理完成
2026-07-19 16:25	system	post-session	处理完成
2026-07-19 17:03	system	post-session	处理完成
2026-07-19 17:06	system	post-session	处理完成
2026-07-19 17:25	system	post-session	处理完成
2026-07-19 17:28	system	post-session	处理完成
2026-07-19 17:28	system	post-session	处理完成
2026-07-19 17:36	system	post-session	处理完成
2026-07-19 17:53	system	post-session	处理完成
2026-07-19 18:22	system	post-session	处理完成
2026-07-19 18:24	system	post-session	处理完成
2026-07-19 18:26	system	post-session	处理完成
2026-07-19 18:34	system	post-session	处理完成
2026-07-19 18:34	system	post-session	处理完成
2026-07-19 18:34	system	post-session	处理完成
2026-07-19 18:37	system	post-session	处理完成
2026-07-19 18:40	system	post-session	处理完成
2026-07-19 18:44	system	post-session	处理完成
2026-07-19 19:13	system	post-session	处理完成
2026-07-19 19:16	system	post-session	处理完成
2026-07-19 19:20	system	post-session	处理完成
2026-07-19 19:23	system	post-session	处理完成
2026-07-19 19:25	system	post-session	处理完成
2026-07-19 19:27	system	post-session	处理完成
2026-07-19 19:33	system	post-session	处理完成
2026-07-19 19:47	system	post-session	处理完成
2026-07-19 19:48	system	post-session	处理完成
2026-07-19 21:23	system	post-session	处理完成
2026-07-19 21:23	system	post-session	处理完成
2026-07-19 21:34	system	post-session	处理完成
2026-07-19 21:36	system	post-session	处理完成
2026-07-19 21:38	system	post-session	处理完成
2026-07-19 21:53	system	post-session	处理完成
2026-07-19 21:57	system	post-session	处理完成
2026-07-19 21:59	system	post-session	处理完成
2026-07-19 22:02	system	post-session	处理完成
2026-07-19 22:04	system	post-session	处理完成
2026-07-19 22:06	system	post-session	处理完成
2026-07-19 22:16	system	post-session	处理完成
2026-07-19 22:18	system	post-session	处理完成
2026-07-19 22:20	system	post-session	处理完成
2026-07-19 22:22	system	post-session	处理完成
2026-07-19 22:25	system	post-session	处理完成
2026-07-19 22:25	system	post-session	处理完成
2026-07-19 22:38	system	post-session	处理完成
2026-07-19 22:40	system	post-session	处理完成
2026-07-19 22:52	system	post-session	处理完成
2026-07-19 22:54	system	post-session	处理完成
2026-07-19 22:56	system	post-session	处理完成
2026-07-19 23:01	system	post-session	处理完成
2026-07-19 23:01	system	post-session	处理完成
2026-07-19 23:04	system	post-session	处理完成
2026-07-19 23:08	system	post-session	处理完成
2026-07-19 23:12	system	post-session	处理完成
2026-07-19 23:15	system	post-session	处理完成
2026-07-19 23:28	system	post-session	处理完成
2026-07-19 23:29	system	post-session	处理完成
2026-07-19 23:32	system	post-session	处理完成
2026-07-19 23:34	system	post-session	处理完成
2026-07-20 00:00	system	post-session	处理完成
2026-07-20 00:29	system	post-session	处理完成
2026-07-20 00:30	system	post-session	处理完成
2026-07-20 00:32	system	post-session	处理完成
2026-07-20 00:35	system	post-session	处理完成
2026-07-20 00:35	system	post-session	处理完成
2026-07-20 00:37	system	post-session	处理完成
2026-07-20 00:39	system	post-session	处理完成
2026-07-20 00:46	system	post-session	处理完成
2026-07-20 01:03	system	post-session	处理完成
2026-07-20 01:03	system	post-session	处理完成
2026-07-20 01:06	system	post-session	处理完成
2026-07-20 01:24	system	post-session	处理完成
2026-07-20 01:30	system	post-session	处理完成
2026-07-20 01:31	system	post-session	处理完成
2026-07-20 01:57	system	post-session	处理完成
2026-07-20 10:28	system	post-session	处理完成
2026-07-20 10:28	system	post-session	处理完成
2026-07-20 10:31	system	post-session	处理完成
2026-07-20 10:34	system	post-session	处理完成
2026-07-20 10:34	system	post-session	处理完成
2026-07-20 10:37	system	post-session	处理完成
2026-07-20 10:48	system	post-session	处理完成
2026-07-20 10:51	system	post-session	处理完成
2026-07-20 11:11	system	post-session	处理完成
2026-07-20 11:13	system	post-session	处理完成
2026-07-20 12:04	system	post-session	处理完成
2026-07-20 12:05	system	post-session	处理完成
2026-07-20 12:06	system	post-session	处理完成
2026-07-20 12:08	system	post-session	处理完成
2026-07-20 12:11	system	post-session	处理完成
2026-07-20 12:14	system	post-session	处理完成
2026-07-20 12:14	system	post-session	处理完成
2026-07-20 12:17	system	post-session	处理完成
2026-07-20 12:20	system	post-session	处理完成
2026-07-20 12:27	system	post-session	处理完成
2026-07-20 12:31	system	post-session	处理完成
2026-07-20 12:36	system	post-session	处理完成
2026-07-20 12:38	system	post-session	处理完成
2026-07-20 12:41	system	post-session	处理完成
2026-07-20 12:42	system	post-session	处理完成
2026-07-20 12:45	system	post-session	处理完成
2026-07-20 12:46	system	post-session	处理完成
2026-07-20 12:50	system	post-session	处理完成
2026-07-20 12:53	system	post-session	处理完成
2026-07-20 13:05	system	post-session	处理完成
2026-07-20 13:06	system	post-session	处理完成
2026-07-20 13:09	system	post-session	处理完成
2026-07-20 13:11	system	post-session	处理完成
2026-07-20 13:12	system	post-session	处理完成
2026-07-20 13:22	system	post-session	处理完成
2026-07-20 13:25	system	post-session	处理完成
2026-07-20 13:25	system	post-session	处理完成
2026-07-20 13:32	system	post-session	处理完成
2026-07-20 13:33	system	post-session	处理完成
2026-07-20 13:37	system	post-session	处理完成
2026-07-20 14:00	system	post-session	处理完成
2026-07-20 14:03	system	post-session	处理完成
2026-07-20 14:06	system	post-session	处理完成
2026-07-20 14:06	system	post-session	处理完成
2026-07-20 14:09	system	post-session	处理完成
2026-07-20 14:11	system	post-session	处理完成
2026-07-20 14:17	system	post-session	处理完成
2026-07-20 14:20	system	post-session	处理完成
2026-07-20 14:23	system	post-session	处理完成
2026-07-20 14:24	system	post-session	处理完成
2026-07-20 14:32	system	post-session	处理完成
2026-07-20 14:34	system	post-session	处理完成
2026-07-20 14:37	system	post-session	处理完成
2026-07-20 14:40	system	post-session	处理完成
2026-07-20 14:43	system	post-session	处理完成
2026-07-20 14:46	system	post-session	处理完成
2026-07-20 14:51	system	post-session	处理完成
2026-07-20 14:56	system	post-session	处理完成
2026-07-20 15:06	system	post-session	处理完成
2026-07-20 15:28	system	post-session	处理完成
2026-07-20 15:29	system	post-session	处理完成
2026-07-20 16:55	system	post-session	处理完成
2026-07-20 16:55	system	post-session	处理完成
2026-07-20 16:57	system	post-session	处理完成
2026-07-20 17:04	system	post-session	处理完成
2026-07-20 17:12	system	post-session	处理完成
2026-07-20 17:27	system	post-session	处理完成
2026-07-20 17:27	system	post-session	处理完成
2026-07-20 17:32	system	post-session	处理完成
2026-07-20 17:39	system	post-session	处理完成
2026-07-20 17:56	system	post-session	处理完成
2026-07-20 17:58	system	post-session	处理完成
2026-07-20 18:00	system	post-session	处理完成
2026-07-20 18:05	system	post-session	处理完成
2026-07-20 18:09	system	post-session	处理完成
2026-07-20 18:32	system	post-session	处理完成
2026-07-20 18:33	system	post-session	处理完成
2026-07-20 18:34	system	post-session	处理完成
2026-07-20 18:36	system	post-session	处理完成
2026-07-20 18:46	system	post-session	处理完成
2026-07-20 18:51	system	post-session	处理完成
2026-07-20 18:58	system	post-session	处理完成
2026-07-20 18:59	system	post-session	处理完成
2026-07-20 19:06	system	post-session	处理完成
2026-07-20 19:06	system	post-session	处理完成
2026-07-20 19:09	system	post-session	处理完成
2026-07-20 20:12	system	post-session	处理完成
2026-07-20 20:12	system	post-session	处理完成
2026-07-20 20:59	system	post-session	处理完成
2026-07-20 21:05	system	post-session	处理完成
2026-07-20 21:18	system	post-session	处理完成
2026-07-20 21:19	system	post-session	处理完成
2026-07-20 21:25	system	post-session	处理完成
2026-07-20 21:28	system	post-session	处理完成
2026-07-20 21:29	system	post-session	处理完成
2026-07-20 21:29	system	post-session	处理完成
2026-07-20 21:32	system	post-session	处理完成
2026-07-20 21:34	system	post-session	处理完成
2026-07-20 21:39	system	post-session	处理完成
2026-07-20 21:43	system	post-session	处理完成
2026-07-20 21:46	system	post-session	处理完成
2026-07-20 21:50	system	post-session	处理完成
2026-07-20 21:59	system	post-session	处理完成
2026-07-20 22:03	system	post-session	处理完成
2026-07-20 22:16	system	post-session	处理完成
2026-07-20 22:17	system	post-session	处理完成
2026-07-20 22:17	system	post-session	处理完成
2026-07-20 22:19	system	post-session	处理完成
2026-07-20 22:20	system	post-session	处理完成
2026-07-20 22:38	system	post-session	处理完成
2026-07-20 23:06	system	post-session	处理完成
2026-07-20 23:18	system	post-session	处理完成
2026-07-20 23:24	system	post-session	处理完成
2026-07-20 23:25	system	post-session	处理完成
2026-07-20 23:32	system	post-session	处理完成
2026-07-20 23:37	system	post-session	处理完成
2026-07-20 23:39	system	post-session	处理完成
2026-07-20 23:44	system	post-session	处理完成
2026-07-20 23:45	system	post-session	处理完成
2026-07-20 23:55	system	post-session	处理完成
2026-07-20 23:57	system	post-session	处理完成
2026-07-21 00:13	system	post-session	处理完成
2026-07-21 00:32	system	post-session	处理完成
2026-07-21 00:32	system	post-session	处理完成
2026-07-21 01:09	system	post-session	处理完成
2026-07-21 01:17	system	post-session	处理完成
2026-07-21 01:30	system	post-session	处理完成
2026-07-21 01:33	system	post-session	处理完成
2026-07-21 01:33	system	post-session	处理完成
2026-07-21 01:35	system	post-session	处理完成
2026-07-21 01:41	system	post-session	处理完成
2026-07-21 01:46	system	post-session	处理完成
2026-07-21 01:48	system	post-session	处理完成
2026-07-21 01:52	system	post-session	处理完成
2026-07-21 01:55	system	post-session	处理完成
2026-07-21 01:58	system	post-session	处理完成
2026-07-21 02:41	system	post-session	处理完成
2026-07-21 02:42	system	post-session	处理完成
2026-07-21 02:44	system	post-session	处理完成
2026-07-21 02:50	system	post-session	处理完成
2026-07-21 02:53	system	post-session	处理完成
2026-07-21 02:55	system	post-session	处理完成
2026-07-21 02:57	system	post-session	处理完成
2026-07-21 02:59	system	post-session	处理完成
2026-07-21 03:07	system	post-session	处理完成
2026-07-21 09:10	system	post-session	处理完成
2026-07-21 09:15	system	post-session	处理完成
2026-07-21 09:16	system	post-session	处理完成
2026-07-21 09:18	system	post-session	处理完成
2026-07-21 09:20	system	post-session	处理完成
2026-07-21 09:22	system	post-session	处理完成
2026-07-21 09:24	system	post-session	处理完成
2026-07-21 09:27	system	post-session	处理完成
2026-07-21 09:29	system	post-session	处理完成
2026-07-21 09:30	system	post-session	处理完成
2026-07-21 09:31	system	post-session	处理完成
2026-07-21 09:37	system	post-session	处理完成
2026-07-21 10:07	system	post-session	处理完成
2026-07-21 10:11	system	post-session	处理完成
2026-07-21 12:03	system	post-session	处理完成
2026-07-21 12:04	system	post-session	处理完成
2026-07-21 12:05	system	post-session	处理完成
2026-07-21 12:11	system	post-session	处理完成
2026-07-21 12:59	system	post-session	处理完成
2026-07-21 13:00	system	post-session	处理完成
2026-07-21 13:02	system	post-session	处理完成
2026-07-21 13:15	system	post-session	处理完成
2026-07-21 13:16	system	post-session	处理完成
2026-07-21 13:16	system	post-session	处理完成
2026-07-21 13:19	system	post-session	处理完成
2026-07-21 13:24	system	post-session	处理完成
2026-07-21 13:27	system	post-session	处理完成
2026-07-21 13:28	system	post-session	处理完成
2026-07-21 13:29	system	post-session	处理完成
2026-07-21 13:33	system	post-session	处理完成
2026-07-21 13:39	system	post-session	处理完成
2026-07-21 13:42	system	post-session	处理完成
2026-07-21 13:43	system	post-session	处理完成
2026-07-21 13:46	system	post-session	处理完成
2026-07-21 13:50	system	post-session	处理完成
2026-07-21 13:53	system	post-session	处理完成
2026-07-21 14:10	system	post-session	处理完成
2026-07-21 14:11	system	post-session	处理完成
2026-07-21 14:15	system	post-session	处理完成
2026-07-21 14:17	system	post-session	处理完成
2026-07-21 14:18	system	post-session	处理完成
2026-07-21 14:19	system	post-session	处理完成
2026-07-21 14:20	system	post-session	处理完成
2026-07-21 14:25	system	post-session	处理完成
2026-07-21 14:33	system	post-session	处理完成
2026-07-21 14:35	system	post-session	处理完成
2026-07-21 14:38	system	post-session	处理完成
2026-07-21 14:43	system	post-session	处理完成
2026-07-21 14:47	system	post-session	处理完成
2026-07-21 14:50	system	post-session	处理完成
2026-07-21 14:53	system	post-session	处理完成
2026-07-21 14:57	system	post-session	处理完成
2026-07-21 14:59	system	post-session	处理完成
2026-07-21 15:04	system	post-session	处理完成
2026-07-21 15:10	system	post-session	处理完成
2026-07-21 15:12	system	post-session	处理完成
2026-07-21 16:01	system	post-session	处理完成
2026-07-21 16:01	system	post-session	处理完成
2026-07-21 16:05	system	post-session	处理完成
2026-07-21 16:33	system	post-session	处理完成
2026-07-21 16:39	system	post-session	处理完成
2026-07-21 16:41	system	post-session	处理完成
2026-07-21 16:55	system	post-session	处理完成
2026-07-21 16:57	system	post-session	处理完成
2026-07-21 17:40	system	post-session	处理完成
2026-07-21 17:40	system	post-session	处理完成
2026-07-21 17:42	system	post-session	处理完成
2026-07-21 17:44	system	post-session	处理完成
2026-07-21 17:45	system	post-session	处理完成
2026-07-21 17:47	system	post-session	处理完成
2026-07-21 17:58	system	post-session	处理完成
2026-07-21 18:01	system	post-session	处理完成
2026-07-21 18:04	system	post-session	处理完成
2026-07-21 23:14	system	post-session	处理完成
2026-07-21 23:15	system	post-session	处理完成
2026-07-21 23:26	system	post-session	处理完成
2026-07-21 23:28	system	post-session	处理完成
2026-07-21 23:30	system	post-session	处理完成
2026-07-22 00:36	system	post-session	处理完成
2026-07-22 00:36	system	post-session	处理完成
2026-07-22 00:54	system	post-session	处理完成
2026-07-22 01:02	system	post-session	处理完成
2026-07-22 01:02	system	post-session	处理完成
2026-07-22 01:04	system	post-session	处理完成
2026-07-22 01:11	system	post-session	处理完成
2026-07-22 01:26	system	post-session	处理完成
2026-07-22 01:33	system	post-session	处理完成
2026-07-22 01:35	system	post-session	处理完成
2026-07-22 01:41	system	post-session	处理完成
2026-07-22 01:41	system	post-session	处理完成
2026-07-22 01:44	system	post-session	处理完成
2026-07-22 01:51	system	post-session	处理完成
2026-07-22 01:51	system	post-session	处理完成
2026-07-22 02:00	system	post-session	处理完成
2026-07-22 02:17	system	post-session	处理完成
2026-07-22 02:58	system	post-session	处理完成
2026-07-22 02:58	system	post-session	处理完成
2026-07-22 10:25	system	post-session	处理完成
2026-07-22 10:25	system	post-session	处理完成
2026-07-22 10:26	system	post-session	处理完成
2026-07-22 10:29	system	post-session	处理完成
2026-07-22 10:40	system	post-session	处理完成
2026-07-22 10:42	system	post-session	处理完成
2026-07-22 11:08	system	post-session	处理完成
2026-07-22 11:10	system	post-session	处理完成
2026-07-22 11:13	system	post-session	处理完成
2026-07-22 11:15	system	post-session	处理完成
2026-07-22 11:21	system	post-session	处理完成
2026-07-22 11:23	system	post-session	处理完成
2026-07-22 12:13	system	post-session	处理完成
2026-07-22 12:14	system	post-session	处理完成
2026-07-22 12:15	system	post-session	处理完成
2026-07-22 12:18	system	post-session	处理完成
2026-07-22 12:21	system	post-session	处理完成
2026-07-22 12:25	system	post-session	处理完成
2026-07-22 12:37	system	post-session	处理完成
2026-07-22 12:39	system	post-session	处理完成
2026-07-22 12:41	system	post-session	处理完成
2026-07-22 12:45	system	post-session	处理完成
2026-07-22 12:48	system	post-session	处理完成
2026-07-22 12:50	system	post-session	处理完成
2026-07-22 12:53	system	post-session	处理完成
2026-07-22 13:10	system	post-session	处理完成
2026-07-22 13:13	system	post-session	处理完成
2026-07-22 13:38	system	post-session	处理完成
2026-07-22 13:38	system	post-session	处理完成
2026-07-22 13:40	system	post-session	处理完成
2026-07-22 13:49	system	post-session	处理完成
2026-07-22 13:54	system	post-session	处理完成
2026-07-22 13:57	system	post-session	处理完成
2026-07-22 13:58	system	post-session	处理完成
2026-07-22 13:59	system	post-session	处理完成
2026-07-22 14:02	system	post-session	处理完成
2026-07-22 14:05	system	post-session	处理完成
2026-07-22 14:07	system	post-session	处理完成
2026-07-22 14:09	system	post-session	处理完成
2026-07-22 14:13	system	post-session	处理完成
2026-07-22 14:15	system	post-session	处理完成
2026-07-22 14:16	system	post-session	处理完成
2026-07-22 14:18	system	post-session	处理完成
2026-07-22 14:20	system	post-session	处理完成
2026-07-22 15:01	system	post-session	处理完成
2026-07-22 15:01	system	post-session	处理完成
2026-07-22 15:04	system	post-session	处理完成
2026-07-22 15:07	system	post-session	处理完成
2026-07-22 15:31	system	post-session	处理完成
2026-07-22 17:06	system	post-session	处理完成
2026-07-22 17:07	system	post-session	处理完成
2026-07-22 17:14	system	post-session	处理完成
2026-07-22 17:16	system	post-session	处理完成
2026-07-22 17:20	system	post-session	处理完成
2026-07-22 17:26	system	post-session	处理完成
2026-07-22 17:30	system	post-session	处理完成
2026-07-22 17:42	system	post-session	处理完成
2026-07-22 17:45	system	post-session	处理完成
2026-07-22 18:10	system	post-session	处理完成
2026-07-22 18:10	system	post-session	处理完成
2026-07-22 18:21	system	post-session	处理完成
2026-07-22 18:35	system	post-session	处理完成
2026-07-22 18:52	system	post-session	处理完成
2026-07-22 18:56	system	post-session	处理完成
2026-07-22 19:02	system	post-session	处理完成
2026-07-22 19:10	system	post-session	处理完成
2026-07-22 19:11	system	post-session	处理完成
2026-07-22 19:11	system	post-session	处理完成
2026-07-22 19:11	system	post-session	处理完成
2026-07-22 19:56	system	post-session	处理完成
2026-07-22 19:59	system	post-session	处理完成
2026-07-22 21:18	system	post-session	处理完成
2026-07-22 21:19	system	post-session	处理完成
2026-07-22 22:11	system	post-session	处理完成
2026-07-22 23:47	system	post-session	处理完成
2026-07-22 23:47	system	post-session	处理完成
2026-07-22 23:47	system	post-session	处理完成
2026-07-22 23:49	system	post-session	处理完成
2026-07-22 23:49	system	post-session	处理完成
2026-07-23 10:32	system	post-session	处理完成
2026-07-23 10:43	system	post-session	处理完成
2026-07-23 10:43	system	post-session	处理完成
2026-07-23 10:52	system	post-session	处理完成
2026-07-23 10:58	system	post-session	处理完成
2026-07-23 11:02	system	post-session	处理完成
2026-07-23 11:22	system	post-session	处理完成
2026-07-23 11:26	system	post-session	处理完成
2026-07-23 11:29	system	post-session	处理完成
2026-07-23 15:12	system	post-session	处理完成
2026-07-23 15:12	system	post-session	处理完成
2026-07-23 15:16	system	post-session	处理完成
2026-07-23 15:17	system	post-session	处理完成
2026-07-23 15:24	system	post-session	处理完成
2026-07-23 15:27	system	post-session	处理完成
2026-07-23 15:32	system	post-session	处理完成
2026-07-23 15:36	system	post-session	处理完成
2026-07-23 15:40	system	post-session	处理完成
2026-07-23 15:48	system	post-session	处理完成
2026-07-23 15:51	system	post-session	处理完成
2026-07-23 15:57	system	post-session	处理完成
2026-07-23 15:59	system	post-session	处理完成
2026-07-23 16:16	system	post-session	处理完成
2026-07-23 16:16	system	post-session	处理完成
2026-07-23 16:19	system	post-session	处理完成
2026-07-23 16:28	system	post-session	处理完成
2026-07-23 16:29	system	post-session	处理完成
2026-07-23 16:40	system	post-session	处理完成
2026-07-23 17:19	system	post-session	处理完成
2026-07-23 17:19	system	post-session	处理完成
2026-07-23 17:25	system	post-session	处理完成
2026-07-23 18:14	system	post-session	处理完成
2026-07-23 18:17	system	post-session	处理完成
2026-07-23 20:48	system	post-session	处理完成
2026-07-23 20:49	system	post-session	处理完成
2026-07-23 20:51	system	post-session	处理完成
2026-07-23 21:27	system	post-session	处理完成
2026-07-23 22:34	system	post-session	处理完成
2026-07-23 22:46	system	post-session	处理完成
2026-07-23 22:46	system	post-session	处理完成
2026-07-23 22:56	system	post-session	处理完成
2026-07-23 23:01	system	post-session	处理完成
2026-07-23 23:13	system	post-session	处理完成
2026-07-23 23:18	system	post-session	处理完成
2026-07-23 23:20	system	post-session	处理完成
2026-07-23 23:23	system	post-session	处理完成
2026-07-23 23:27	system	post-session	处理完成
2026-07-23 23:29	system	post-session	处理完成
2026-07-23 23:34	system	post-session	处理完成
2026-07-23 23:37	system	post-session	处理完成
2026-07-23 23:39	system	post-session	处理完成
2026-07-23 23:40	system	post-session	处理完成
2026-07-23 23:46	system	post-session	处理完成
2026-07-23 23:47	system	post-session	处理完成
2026-07-23 23:50	system	post-session	处理完成
2026-07-23 23:55	system	post-session	处理完成
2026-07-23 23:58	system	post-session	处理完成
2026-07-24 00:01	system	post-session	处理完成
2026-07-24 00:01	system	post-session	处理完成
2026-07-24 00:07	system	post-session	处理完成
2026-07-24 00:20	system	post-session	处理完成
2026-07-24 01:02	system	post-session	处理完成
2026-07-24 01:13	system	post-session	处理完成
2026-07-24 01:14	system	post-session	处理完成
2026-07-24 02:30	system	post-session	处理完成
2026-07-24 02:30	system	post-session	处理完成
2026-07-24 10:22	system	post-session	处理完成
2026-07-24 10:22	system	post-session	处理完成
2026-07-24 10:23	system	post-session	处理完成
2026-07-24 10:27	system	post-session	处理完成
2026-07-24 11:18	system	post-session	处理完成
2026-07-24 11:53	system	post-session	处理完成
2026-07-24 11:53	system	post-session	处理完成
2026-07-24 11:59	system	post-session	处理完成
2026-07-24 12:00	system	post-session	处理完成
2026-07-24 12:02	system	post-session	处理完成
2026-07-24 12:21	system	post-session	处理完成
2026-07-24 12:25	system	post-session	处理完成
2026-07-24 12:28	system	post-session	处理完成
2026-07-24 12:58	system	post-session	处理完成
2026-07-24 12:59	system	post-session	处理完成
2026-07-24 13:02	system	post-session	处理完成
2026-07-24 13:09	system	post-session	处理完成
2026-07-24 13:11	system	post-session	处理完成
2026-07-24 13:13	system	post-session	处理完成
2026-07-24 13:23	system	post-session	处理完成
2026-07-24 13:28	system	post-session	处理完成
2026-07-24 13:30	system	post-session	处理完成
2026-07-24 13:34	system	post-session	处理完成
2026-07-24 13:36	system	post-session	处理完成
2026-07-24 14:07	system	post-session	处理完成
2026-07-24 14:07	system	post-session	处理完成
2026-07-24 14:29	system	post-session	处理完成
2026-07-24 14:30	system	post-session	处理完成
2026-07-24 14:40	system	post-session	处理完成
2026-07-24 14:47	system	post-session	处理完成
2026-07-24 15:20	system	post-session	处理完成
2026-07-24 15:20	system	post-session	处理完成
2026-07-24 15:24	system	post-session	处理完成
2026-07-24 15:27	system	post-session	处理完成
2026-07-24 15:35	system	post-session	处理完成
2026-07-24 15:38	system	post-session	处理完成
2026-07-24 15:51	system	post-session	处理完成
2026-07-24 15:54	system	post-session	处理完成
2026-07-24 15:55	system	post-session	处理完成
2026-07-24 16:05	system	post-session	处理完成
2026-07-24 16:08	system	post-session	处理完成
2026-07-24 16:27	system	post-session	处理完成
2026-07-24 16:27	system	post-session	处理完成
2026-07-24 16:30	system	post-session	处理完成
2026-07-24 17:09	system	post-session	处理完成
2026-07-24 17:24	system	post-session	处理完成
2026-07-24 17:27	system	post-session	处理完成
2026-07-24 17:28	system	post-session	处理完成
2026-07-24 17:29	system	post-session	处理完成
2026-07-24 17:49	system	post-session	处理完成
2026-07-24 17:52	system	post-session	处理完成
2026-07-24 18:14	system	post-session	处理完成
2026-07-24 18:18	system	post-session	处理完成
2026-07-24 18:21	system	post-session	处理完成
2026-07-24 18:39	system	post-session	处理完成
2026-07-24 18:40	system	post-session	处理完成
2026-07-24 18:41	system	post-session	处理完成
2026-07-24 18:49	system	post-session	处理完成
2026-07-24 18:50	system	post-session	处理完成
2026-07-24 18:51	system	post-session	处理完成
2026-07-24 18:55	system	post-session	处理完成
2026-07-24 18:57	system	post-session	处理完成
2026-07-24 19:17	system	post-session	处理完成
2026-07-24 19:29	system	post-session	处理完成
2026-07-24 20:02	system	post-session	处理完成
2026-07-24 20:02	system	post-session	处理完成
2026-07-24 20:19	system	post-session	处理完成
2026-07-24 20:21	system	post-session	处理完成
2026-07-24 20:44	system	post-session	处理完成
2026-07-24 20:47	system	post-session	处理完成
2026-07-24 20:53	system	post-session	处理完成
2026-07-24 21:23	system	post-session	处理完成
2026-07-24 21:24	system	post-session	处理完成
2026-07-24 21:27	system	post-session	处理完成
2026-07-24 21:34	system	post-session	处理完成
2026-07-24 21:39	system	post-session	处理完成
2026-07-24 21:43	system	post-session	处理完成
2026-07-24 22:01	system	post-session	处理完成
2026-07-24 22:14	system	post-session	处理完成
2026-07-24 22:21	system	post-session	处理完成
2026-07-24 22:23	system	post-session	处理完成
2026-07-24 22:25	system	post-session	处理完成
2026-07-24 22:26	system	post-session	处理完成
2026-07-24 22:31	system	post-session	处理完成
2026-07-24 22:40	system	post-session	处理完成
2026-07-24 22:43	system	post-session	处理完成
2026-07-24 22:46	system	post-session	处理完成
2026-07-24 22:48	system	post-session	处理完成
2026-07-24 22:53	system	post-session	处理完成
2026-07-24 23:03	system	post-session	处理完成
2026-07-24 23:13	system	post-session	处理完成
2026-07-24 23:23	system	post-session	处理完成
2026-07-24 23:36	system	post-session	处理完成
2026-07-24 23:36	system	post-session	处理完成
2026-07-25 01:33	system	post-session	处理完成
2026-07-25 01:33	system	post-session	处理完成
2026-07-25 01:54	system	post-session	处理完成
2026-07-25 02:11	system	post-session	处理完成
2026-07-25 08:33	system	post-session	处理完成
2026-07-25 09:36	system	post-session	处理完成
2026-07-25 09:36	system	post-session	处理完成
2026-07-25 09:37	system	post-session	处理完成
2026-07-25 09:44	system	post-session	处理完成
2026-07-25 09:45	system	post-session	处理完成
2026-07-25 10:23	system	post-session	处理完成
2026-07-25 10:26	system	post-session	处理完成
2026-07-25 10:29	system	post-session	处理完成
2026-07-25 10:32	system	post-session	处理完成
2026-07-25 10:36	system	post-session	处理完成
2026-07-25 10:36	system	post-session	处理完成
2026-07-25 10:39	system	post-session	处理完成
2026-07-25 10:41	system	post-session	处理完成
2026-07-25 10:44	system	post-session	处理完成
2026-07-25 10:46	system	post-session	处理完成
2026-07-25 10:53	system	post-session	处理完成
2026-07-25 11:02	system	post-session	处理完成
2026-07-25 11:12	system	post-session	处理完成
2026-07-25 11:18	system	post-session	处理完成
2026-07-25 11:55	system	post-session	处理完成
2026-07-25 11:56	system	post-session	处理完成
2026-07-25 11:56	system	post-session	处理完成
2026-07-25 12:00	system	post-session	处理完成
2026-07-25 12:02	system	post-session	处理完成
2026-07-25 12:13	system	post-session	处理完成
2026-07-25 12:37	system	post-session	处理完成
2026-07-25 12:42	system	post-session	处理完成
2026-07-25 12:45	system	post-session	处理完成
2026-07-25 12:46	system	post-session	处理完成
2026-07-25 12:47	system	post-session	处理完成
2026-07-25 12:48	system	post-session	处理完成
2026-07-25 12:54	system	post-session	处理完成
2026-07-25 13:50	system	post-session	处理完成
2026-07-25 13:51	system	post-session	处理完成
2026-07-25 13:53	system	post-session	处理完成
2026-07-25 14:02	system	post-session	处理完成
2026-07-25 14:12	system	post-session	处理完成
2026-07-25 14:25	system	post-session	处理完成
2026-07-25 14:28	system	post-session	处理完成
2026-07-25 14:30	system	post-session	处理完成
2026-07-25 14:33	system	post-session	处理完成
2026-07-25 14:35	system	post-session	处理完成
2026-07-25 14:43	system	post-session	处理完成
2026-07-25 14:57	system	post-session	处理完成
2026-07-25 14:57	system	post-session	处理完成
2026-07-25 15:03	system	post-session	处理完成
2026-07-25 15:08	system	post-session	处理完成
2026-07-25 15:13	system	post-session	处理完成
2026-07-25 15:38	system	post-session	处理完成
2026-07-25 15:42	system	post-session	处理完成
2026-07-25 15:51	system	post-session	处理完成
2026-07-25 16:03	system	post-session	处理完成
2026-07-25 16:03	system	post-session	处理完成
2026-07-25 16:21	system	post-session	处理完成
2026-07-25 16:23	system	post-session	处理完成
2026-07-25 16:33	system	post-session	处理完成
2026-07-25 16:35	system	post-session	处理完成
2026-07-25 17:17	system	post-session	处理完成
2026-07-25 17:18	system	post-session	处理完成
2026-07-25 17:20	system	post-session	处理完成
2026-07-25 17:23	system	post-session	处理完成
2026-07-25 17:56	system	post-session	处理完成
2026-07-25 17:59	system	post-session	处理完成
2026-07-25 18:02	system	post-session	处理完成
2026-07-25 19:09	system	post-session	处理完成
2026-07-25 19:10	system	post-session	处理完成
2026-07-25 19:14	system	post-session	处理完成
2026-07-25 20:01	system	post-session	处理完成
2026-07-25 20:04	system	post-session	处理完成
2026-07-25 20:04	system	post-session	处理完成
2026-07-25 20:10	system	post-session	处理完成
2026-07-25 20:11	system	post-session	处理完成
2026-07-25 20:11	system	post-session	处理完成
2026-07-25 21:02	system	post-session	处理完成
2026-07-26 00:58	system	post-session	处理完成
2026-07-26 00:59	system	post-session	处理完成
2026-07-26 01:23	system	post-session	处理完成
2026-07-26 01:43	system	post-session	处理完成
2026-07-26 01:55	system	post-session	处理完成
2026-07-26 11:49	system	post-session	处理完成
2026-07-26 11:49	system	post-session	处理完成
2026-07-26 11:50	system	post-session	处理完成
2026-07-26 12:03	system	post-session	处理完成
2026-07-26 12:07	system	post-session	处理完成
2026-07-26 12:14	system	post-session	处理完成
2026-07-26 12:16	system	post-session	处理完成
2026-07-26 12:20	system	post-session	处理完成
2026-07-26 12:23	system	post-session	处理完成
2026-07-26 12:26	system	post-session	处理完成
2026-07-26 12:33	system	post-session	处理完成
2026-07-26 12:38	system	post-session	处理完成
2026-07-26 12:40	system	post-session	处理完成
2026-07-26 12:43	system	post-session	处理完成
2026-07-26 12:48	system	post-session	处理完成
2026-07-26 12:52	system	post-session	处理完成
2026-07-26 12:52	system	post-session	处理完成
2026-07-26 13:01	system	post-session	处理完成
2026-07-26 13:07	system	post-session	处理完成
2026-07-26 13:13	system	post-session	处理完成
2026-07-26 13:16	system	post-session	处理完成
2026-07-26 13:22	system	post-session	处理完成
2026-07-26 13:37	system	post-session	处理完成
2026-07-26 13:43	system	post-session	处理完成
2026-07-26 13:50	system	post-session	处理完成
2026-07-26 13:52	system	post-session	处理完成
2026-07-26 13:53	system	post-session	处理完成
2026-07-26 14:02	system	post-session	处理完成
2026-07-26 14:07	system	post-session	处理完成
2026-07-26 14:08	system	post-session	处理完成
2026-07-26 14:10	system	post-session	处理完成
2026-07-26 14:23	system	post-session	处理完成
2026-07-26 14:30	system	post-session	处理完成
2026-07-26 14:34	system	post-session	处理完成
2026-07-26 14:40	system	post-session	处理完成
2026-07-26 14:50	system	post-session	处理完成
2026-07-26 15:03	system	post-session	处理完成
2026-07-26 15:04	system	post-session	处理完成
2026-07-26 15:18	system	post-session	处理完成
2026-07-26 15:33	system	post-session	处理完成
2026-07-26 15:41	system	post-session	处理完成
2026-07-26 15:52	system	post-session	处理完成
2026-07-26 16:03	system	post-session	处理完成
2026-07-26 16:26	system	post-session	处理完成
2026-07-26 16:27	system	post-session	处理完成
2026-07-26 16:33	system	post-session	处理完成
2026-07-26 16:39	system	post-session	处理完成
2026-07-26 16:42	system	post-session	处理完成
2026-07-26 16:44	system	post-session	处理完成
2026-07-26 16:53	system	post-session	处理完成
2026-07-26 17:39	system	post-session	处理完成
2026-07-26 17:39	system	post-session	处理完成
2026-07-26 17:49	system	post-session	处理完成
2026-07-26 17:57	system	post-session	处理完成
2026-07-26 18:03	system	post-session	处理完成
2026-07-26 18:24	system	post-session	处理完成
2026-07-26 18:48	system	post-session	处理完成
2026-07-26 20:45	system	post-session	处理完成
2026-07-26 20:45	system	post-session	处理完成
2026-07-26 20:57	system	post-session	处理完成
2026-07-26 21:04	system	post-session	处理完成
2026-07-26 21:07	system	post-session	处理完成
2026-07-26 21:10	system	post-session	处理完成
2026-07-26 21:17	system	post-session	处理完成
2026-07-26 21:20	system	post-session	处理完成
2026-07-26 21:22	system	post-session	处理完成
2026-07-26 21:26	system	post-session	处理完成
2026-07-26 21:29	system	post-session	处理完成
2026-07-26 21:33	system	post-session	处理完成
2026-07-26 21:43	system	post-session	处理完成
2026-07-26 21:46	system	post-session	处理完成
2026-07-26 21:47	system	post-session	处理完成
2026-07-26 21:53	system	post-session	处理完成
2026-07-26 21:55	system	post-session	处理完成
2026-07-26 22:00	system	post-session	处理完成
2026-07-26 22:02	system	post-session	处理完成
2026-07-26 22:08	system	post-session	处理完成
2026-07-26 22:10	system	post-session	处理完成
2026-07-26 22:15	system	post-session	处理完成
2026-07-26 22:18	system	post-session	处理完成
2026-07-26 22:21	system	post-session	处理完成
2026-07-26 22:33	system	post-session	处理完成
2026-07-26 22:45	system	post-session	处理完成
2026-07-26 22:49	system	post-session	处理完成
2026-07-26 22:50	system	post-session	处理完成
2026-07-26 22:51	system	post-session	处理完成
2026-07-26 23:26	system	post-session	处理完成
2026-07-26 23:30	system	post-session	处理完成
2026-07-26 23:44	system	post-session	处理完成
2026-07-27 00:00	system	post-session	处理完成
2026-07-27 00:01	system	post-session	处理完成
2026-07-27 00:41	system	post-session	处理完成
2026-07-27 00:58	system	post-session	处理完成
2026-07-27 09:37	system	post-session	处理完成
2026-07-27 09:37	system	post-session	处理完成
2026-07-27 13:55	system	post-session	处理完成
2026-07-27 13:55	system	post-session	处理完成
2026-07-27 14:01	system	post-session	处理完成
2026-07-27 14:02	system	post-session	处理完成
2026-07-27 14:15	system	post-session	处理完成
2026-07-27 14:47	system	post-session	处理完成
2026-07-27 16:02	system	post-session	处理完成
2026-07-27 16:02	system	post-session	处理完成
2026-07-27 16:05	system	post-session	处理完成
2026-07-27 16:30	system	post-session	处理完成
2026-07-27 16:47	system	post-session	处理完成
2026-07-27 16:47	system	post-session	处理完成
2026-07-27 16:50	system	post-session	处理完成
2026-07-27 16:51	system	post-session	处理完成
2026-07-27 16:53	system	post-session	处理完成
2026-07-27 16:58	system	post-session	处理完成
2026-07-27 17:01	system	post-session	处理完成
2026-07-27 17:03	system	post-session	处理完成
2026-07-27 17:04	system	post-session	处理完成
2026-07-27 17:07	system	post-session	处理完成
2026-07-27 17:12	system	post-session	处理完成
2026-07-27 17:12	system	post-session	处理完成
2026-07-27 17:35	system	post-session	处理完成
2026-07-27 17:37	system	post-session	处理完成
2026-07-27 17:40	system	post-session	处理完成
2026-07-27 17:44	system	post-session	处理完成
2026-07-27 17:54	system	post-session	处理完成
2026-07-27 18:12	system	post-session	处理完成
2026-07-27 18:13	system	post-session	处理完成
2026-07-27 18:13	system	post-session	处理完成
2026-07-27 18:15	system	post-session	处理完成
2026-07-27 18:28	system	post-session	处理完成
2026-07-27 18:30	system	post-session	处理完成
2026-07-27 18:31	system	post-session	处理完成
2026-07-27 18:32	system	post-session	处理完成
2026-07-27 18:34	system	post-session	处理完成
2026-07-27 18:37	system	post-session	处理完成
2026-07-27 18:42	system	post-session	处理完成
2026-07-27 18:47	system	post-session	处理完成
2026-07-27 18:49	system	post-session	处理完成
2026-07-27 18:53	system	post-session	处理完成
2026-07-27 18:56	system	post-session	处理完成
2026-07-27 18:58	system	post-session	处理完成
2026-07-27 19:00	system	post-session	处理完成
2026-07-27 19:02	system	post-session	处理完成
2026-07-27 19:09	system	post-session	处理完成
2026-07-27 19:09	system	post-session	处理完成
2026-07-27 19:13	system	post-session	处理完成
2026-07-27 19:13	system	post-session	处理完成
2026-07-27 19:27	system	post-session	处理完成
2026-07-27 19:33	system	post-session	处理完成
2026-07-27 19:44	system	post-session	处理完成
2026-07-27 19:51	system	post-session	处理完成
2026-07-27 20:42	system	post-session	处理完成
2026-07-27 20:42	system	post-session	处理完成
2026-07-27 20:45	system	post-session	处理完成
2026-07-27 20:46	system	post-session	处理完成
2026-07-27 20:46	system	post-session	处理完成
2026-07-27 20:48	system	post-session	处理完成
2026-07-27 20:51	system	post-session	处理完成
2026-07-27 20:57	system	post-session	处理完成
2026-07-27 21:02	system	post-session	处理完成
2026-07-27 21:20	system	post-session	处理完成
2026-07-27 21:24	system	post-session	处理完成
2026-07-27 21:25	system	post-session	处理完成
2026-07-27 21:34	system	post-session	处理完成
2026-07-27 21:43	system	post-session	处理完成
2026-07-27 21:44	system	post-session	处理完成
2026-07-27 21:53	system	post-session	处理完成
2026-07-27 22:04	system	post-session	处理完成
2026-07-27 22:23	system	post-session	处理完成
2026-07-27 22:26	system	post-session	处理完成
2026-07-27 22:32	system	post-session	处理完成
2026-07-27 22:36	system	post-session	处理完成
2026-07-27 22:56	system	post-session	处理完成
2026-07-27 22:57	system	post-session	处理完成
2026-07-27 22:58	system	post-session	处理完成
2026-07-27 23:01	system	post-session	处理完成
2026-07-27 23:03	system	post-session	处理完成
2026-07-27 23:07	system	post-session	处理完成
2026-07-27 23:09	system	post-session	处理完成
2026-07-27 23:11	system	post-session	处理完成
2026-07-27 23:14	system	post-session	处理完成
2026-07-27 23:16	system	post-session	处理完成
2026-07-27 23:22	system	post-session	处理完成
2026-07-27 23:26	system	post-session	处理完成
2026-07-27 23:28	system	post-session	处理完成
2026-07-27 23:36	system	post-session	处理完成
2026-07-27 23:38	system	post-session	处理完成
2026-07-27 23:44	system	post-session	处理完成
2026-07-27 23:50	system	post-session	处理完成
2026-07-27 23:54	system	post-session	处理完成
2026-07-27 23:56	system	post-session	处理完成
2026-07-27 23:58	system	post-session	处理完成
2026-07-27 23:59	system	post-session	处理完成
2026-07-28 00:26	system	post-session	处理完成
2026-07-28 00:30	system	post-session	处理完成
2026-07-28 00:44	system	post-session	处理完成
2026-07-28 01:16	system	post-session	处理完成
2026-07-28 01:16	system	post-session	处理完成
2026-07-28 01:18	system	post-session	处理完成
2026-07-28 01:22	system	post-session	处理完成
2026-07-28 01:24	system	post-session	处理完成
2026-07-28 01:38	system	post-session	处理完成
2026-07-28 01:39	system	post-session	处理完成
2026-07-28 01:42	system	post-session	处理完成
2026-07-28 01:44	system	post-session	处理完成
2026-07-28 10:31	system	post-session	处理完成
2026-07-28 10:31	system	post-session	处理完成
2026-07-28 10:35	system	post-session	处理完成
2026-07-28 10:42	system	post-session	处理完成
2026-07-28 10:44	system	post-session	处理完成
2026-07-28 10:48	system	post-session	处理完成
2026-07-28 11:03	system	post-session	处理完成
2026-07-28 11:06	system	post-session	处理完成
2026-07-28 11:09	system	post-session	处理完成
2026-07-28 11:11	system	post-session	处理完成
2026-07-28 11:13	system	post-session	处理完成
2026-07-28 11:16	system	post-session	处理完成
2026-07-28 11:18	system	post-session	处理完成
2026-07-28 11:33	system	post-session	处理完成
2026-07-28 11:34	system	post-session	处理完成
2026-07-28 11:43	system	post-session	处理完成
2026-07-28 11:45	system	post-session	处理完成
2026-07-28 11:49	system	post-session	处理完成
2026-07-28 11:52	system	post-session	处理完成
2026-07-28 11:55	system	post-session	处理完成
2026-07-28 12:04	system	post-session	处理完成
2026-07-28 12:17	system	post-session	处理完成
2026-07-28 12:42	system	post-session	处理完成
2026-07-28 12:42	system	post-session	处理完成
2026-07-28 14:01	system	post-session	处理完成
2026-07-28 14:02	system	post-session	处理完成
2026-07-28 14:10	system	post-session	处理完成
2026-07-28 14:13	system	post-session	处理完成
2026-07-28 14:22	system	post-session	处理完成
2026-07-28 14:36	system	post-session	处理完成
2026-07-28 14:43	system	post-session	处理完成
2026-07-28 14:46	system	post-session	处理完成
2026-07-28 14:49	system	post-session	处理完成
2026-07-28 14:57	system	post-session	处理完成
2026-07-28 15:11	system	post-session	处理完成
2026-07-28 15:11	system	post-session	处理完成
2026-07-28 15:14	system	post-session	处理完成
2026-07-28 15:25	system	post-session	处理完成
2026-07-28 15:27	system	post-session	处理完成
2026-07-28 15:32	system	post-session	处理完成
2026-07-28 15:43	system	post-session	处理完成
2026-07-28 16:09	system	post-session	处理完成
2026-07-28 16:14	system	post-session	处理完成
2026-07-28 16:14	system	post-session	处理完成
2026-07-28 16:18	system	post-session	处理完成
2026-07-28 16:33	system	post-session	处理完成
2026-07-28 16:48	system	post-session	处理完成
2026-07-28 17:01	system	post-session	处理完成
2026-07-28 17:15	system	post-session	处理完成
2026-07-28 17:15	system	post-session	处理完成
2026-07-28 17:22	system	post-session	处理完成
2026-07-28 17:24	system	post-session	处理完成
2026-07-28 17:28	system	post-session	处理完成
2026-07-28 17:31	system	post-session	处理完成
2026-07-28 17:34	system	post-session	处理完成
2026-07-28 17:37	system	post-session	处理完成
2026-07-28 18:00	system	post-session	处理完成
2026-07-28 18:13	system	post-session	处理完成
2026-07-28 19:20	system	post-session	处理完成
2026-07-28 19:20	system	post-session	处理完成
2026-07-28 19:34	system	post-session	处理完成
2026-07-28 20:03	system	post-session	处理完成
2026-07-28 20:07	system	post-session	处理完成
2026-07-28 20:11	system	post-session	处理完成
2026-07-28 21:40	system	post-session	处理完成
2026-07-28 21:40	system	post-session	处理完成
2026-07-28 21:42	system	post-session	处理完成
2026-07-28 21:51	system	post-session	处理完成
2026-07-28 22:00	system	post-session	处理完成
2026-07-28 22:02	system	post-session	处理完成
2026-07-28 22:05	system	post-session	处理完成
2026-07-28 22:28	system	post-session	处理完成
2026-07-28 22:44	system	post-session	处理完成
2026-07-28 22:44	system	post-session	处理完成
2026-07-28 22:46	system	post-session	处理完成
2026-07-28 22:48	system	post-session	处理完成
2026-07-28 22:56	system	post-session	处理完成
2026-07-28 23:00	system	post-session	处理完成
2026-07-28 23:02	system	post-session	处理完成
2026-07-28 23:08	system	post-session	处理完成
2026-07-28 23:10	system	post-session	处理完成
2026-07-28 23:12	system	post-session	处理完成
2026-07-29 00:37	system	post-session	处理完成
2026-07-29 00:38	system	post-session	处理完成
2026-07-29 01:34	system	post-session	处理完成
2026-07-29 01:34	system	post-session	处理完成
2026-07-29 01:36	system	post-session	处理完成
2026-07-29 01:54	system	post-session	处理完成
2026-07-29 01:54	system	post-session	处理完成
2026-07-29 02:00	system	post-session	处理完成
2026-07-29 02:04	system	post-session	处理完成
2026-07-29 09:23	system	post-session	处理完成
2026-07-29 09:24	system	post-session	处理完成
2026-07-29 09:25	system	post-session	处理完成
2026-07-29 09:42	system	post-session	处理完成
2026-07-29 09:44	system	post-session	处理完成
2026-07-29 09:44	system	post-session	处理完成
2026-07-29 09:47	system	post-session	处理完成
2026-07-29 10:03	system	post-session	处理完成
2026-07-29 10:06	system	post-session	处理完成
2026-07-29 10:09	system	post-session	处理完成
2026-07-29 10:12	system	post-session	处理完成
2026-07-29 10:21	system	post-session	处理完成
2026-07-29 10:24	system	post-session	处理完成
2026-07-29 10:24	system	post-session	处理完成
2026-07-29 10:26	system	post-session	处理完成
2026-07-29 10:34	system	post-session	处理完成
2026-07-29 10:36	system	post-session	处理完成
2026-07-29 10:43	system	post-session	处理完成
2026-07-29 10:54	system	post-session	处理完成
2026-07-29 11:17	system	post-session	处理完成
2026-07-29 11:25	system	post-session	处理完成
2026-07-29 11:25	system	post-session	处理完成
2026-07-29 13:13	system	post-session	处理完成
2026-07-29 13:13	system	post-session	处理完成
2026-07-29 13:19	system	post-session	处理完成
2026-07-29 13:21	system	post-session	处理完成
2026-07-29 13:31	system	post-session	处理完成
2026-07-29 13:33	system	post-session	处理完成
2026-07-29 13:34	system	post-session	处理完成
2026-07-29 13:37	system	post-session	处理完成
2026-07-29 13:40	system	post-session	处理完成
2026-07-29 13:43	system	post-session	处理完成
2026-07-29 13:45	system	post-session	处理完成
2026-07-29 13:47	system	post-session	处理完成
2026-07-29 13:50	system	post-session	处理完成
2026-07-29 13:53	system	post-session	处理完成
2026-07-29 14:03	system	post-session	处理完成
2026-07-29 14:11	system	post-session	处理完成
2026-07-29 14:24	system	post-session	处理完成
2026-07-29 14:25	system	post-session	处理完成
2026-07-29 14:41	system	post-session	处理完成
2026-07-29 14:41	system	post-session	处理完成
2026-07-29 14:43	system	post-session	处理完成
2026-07-29 14:54	system	post-session	处理完成
2026-07-29 14:54	system	post-session	处理完成
2026-07-29 14:55	system	post-session	处理完成
2026-07-29 15:03	system	post-session	处理完成
2026-07-29 15:06	system	post-session	处理完成
2026-07-29 15:13	system	post-session	处理完成
2026-07-29 15:18	system	post-session	处理完成
2026-07-29 15:22	system	post-session	处理完成
2026-07-29 15:28	system	post-session	处理完成
2026-07-29 15:29	system	post-session	处理完成
2026-07-29 15:47	system	post-session	处理完成
2026-07-29 15:49	system	post-session	处理完成
2026-07-29 15:53	system	post-session	处理完成
2026-07-29 16:03	system	post-session	处理完成
2026-07-29 16:10	system	post-session	处理完成
2026-07-29 16:13	system	post-session	处理完成
2026-07-29 16:16	system	post-session	处理完成
2026-07-29 16:21	system	post-session	处理完成
2026-07-29 16:24	system	post-session	处理完成
2026-07-29 16:31	system	post-session	处理完成
2026-07-29 16:32	system	post-session	处理完成
2026-07-29 17:07	system	post-session	处理完成
2026-07-29 17:28	system	post-session	处理完成
2026-07-29 17:44	system	post-session	处理完成
2026-07-29 17:44	system	post-session	处理完成
2026-07-29 17:55	system	post-session	处理完成
2026-07-29 18:13	system	post-session	处理完成
2026-07-29 18:42	system	post-session	处理完成
2026-07-29 18:44	system	post-session	处理完成
2026-07-29 18:44	system	post-session	处理完成
2026-07-29 18:46	system	post-session	处理完成
2026-07-29 21:13	system	post-session	处理完成
2026-07-29 21:14	system	post-session	处理完成
2026-07-29 21:38	system	post-session	处理完成
2026-07-29 21:54	system	post-session	处理完成
2026-07-29 22:05	system	post-session	处理完成
2026-07-29 22:31	system	post-session	处理完成
2026-07-29 22:31	system	post-session	处理完成
2026-07-29 22:33	system	post-session	处理完成
2026-07-29 22:36	system	post-session	处理完成
2026-07-29 22:42	system	post-session	处理完成
2026-07-29 22:45	system	post-session	处理完成
2026-07-29 22:46	system	post-session	处理完成
2026-07-29 22:49	system	post-session	处理完成
2026-07-29 22:56	system	post-session	处理完成
2026-07-29 22:59	system	post-session	处理完成
2026-07-29 23:02	system	post-session	处理完成
2026-07-29 23:05	system	post-session	处理完成
2026-07-29 23:12	system	post-session	处理完成
2026-07-29 23:19	system	post-session	处理完成
2026-07-29 23:21	system	post-session	处理完成
2026-07-29 23:24	system	post-session	处理完成
2026-07-29 23:32	system	post-session	处理完成
2026-07-29 23:33	system	post-session	处理完成
2026-07-29 23:34	system	post-session	处理完成
2026-07-29 23:42	system	post-session	处理完成
2026-07-29 23:44	system	post-session	处理完成
2026-07-29 23:47	system	post-session	处理完成
2026-07-29 23:52	system	post-session	处理完成
2026-07-30 00:04	system	post-session	处理完成
2026-07-30 00:26	system	post-session	处理完成
2026-07-30 00:31	system	post-session	处理完成
2026-07-30 00:32	system	post-session	处理完成
2026-07-30 00:36	system	post-session	处理完成
2026-07-30 00:36	system	post-session	处理完成
2026-07-30 00:42	system	post-session	处理完成
2026-07-30 01:15	system	post-session	处理完成
2026-07-30 01:18	system	post-session	处理完成
2026-07-30 01:23	system	post-session	处理完成
2026-07-30 01:36	system	post-session	处理完成
2026-07-30 01:38	system	post-session	处理完成
2026-07-30 01:39	system	post-session	处理完成
2026-07-30 01:51	system	post-session	处理完成
2026-07-30 02:04	system	post-session	处理完成
2026-07-30 02:10	system	post-session	处理完成
2026-07-30 09:30	system	post-session	处理完成
2026-07-30 09:31	system	post-session	处理完成
2026-07-30 09:32	system	post-session	处理完成
2026-07-30 09:44	system	post-session	处理完成
2026-07-30 09:59	system	post-session	处理完成
2026-07-30 10:04	system	post-session	处理完成
2026-07-30 10:06	system	post-session	处理完成
2026-07-30 10:11	system	post-session	处理完成
2026-07-30 10:14	system	post-session	处理完成
2026-07-30 10:17	system	post-session	处理完成
2026-07-30 10:18	system	post-session	处理完成
2026-07-30 10:20	system	post-session	处理完成
2026-07-30 10:23	system	post-session	处理完成
2026-07-30 10:30	system	post-session	处理完成
2026-07-30 10:32	system	post-session	处理完成
2026-07-30 10:32	system	post-session	处理完成
2026-07-30 10:34	system	post-session	处理完成
2026-07-30 10:39	system	post-session	处理完成
2026-07-30 10:44	system	post-session	处理完成
2026-07-30 11:18	system	post-session	处理完成
2026-07-30 11:23	system	post-session	处理完成
2026-07-30 11:24	system	post-session	处理完成
2026-07-30 11:36	system	post-session	处理完成
2026-07-30 11:36	system	post-session	处理完成
2026-07-30 11:51	system	post-session	处理完成
2026-07-30 13:03	system	post-session	处理完成
2026-07-30 13:04	system	post-session	处理完成
2026-07-30 13:45	system	post-session	处理完成
2026-07-30 13:54	system	post-session	处理完成
2026-07-30 16:07	system	post-session	处理完成
2026-07-30 16:09	system	post-session	处理完成
2026-07-30 16:10	system	post-session	处理完成
2026-07-30 16:19	system	post-session	处理完成
2026-07-30 16:36	system	post-session	处理完成
2026-07-30 16:39	system	post-session	处理完成
2026-07-30 16:41	system	post-session	处理完成
2026-07-30 16:44	system	post-session	处理完成
2026-07-30 16:46	system	post-session	处理完成
2026-07-30 16:53	system	post-session	处理完成
2026-07-30 17:15	system	post-session	处理完成
2026-07-30 17:15	system	post-session	处理完成
2026-07-30 17:29	system	post-session	处理完成
2026-07-30 17:40	system	post-session	处理完成
2026-07-30 17:43	system	post-session	处理完成
2026-07-30 17:54	system	post-session	处理完成
2026-07-30 17:59	system	post-session	处理完成
2026-07-30 18:09	system	post-session	处理完成
2026-07-30 18:29	system	post-session	处理完成
2026-07-30 18:30	system	post-session	处理完成
2026-07-30 18:33	system	post-session	处理完成
2026-07-30 18:36	system	post-session	处理完成
2026-07-30 18:48	system	post-session	处理完成
2026-07-30 18:50	system	post-session	处理完成
2026-07-30 18:52	system	post-session	处理完成
2026-07-30 18:53	system	post-session	处理完成
2026-07-30 18:55	system	post-session	处理完成
2026-07-30 18:57	system	post-session	处理完成
2026-07-30 18:58	system	post-session	处理完成
2026-07-30 19:03	system	post-session	处理完成
2026-07-30 19:30	system	post-session	处理完成
2026-07-30 19:31	system	post-session	处理完成
2026-07-30 19:34	system	post-session	处理完成
2026-07-30 19:40	system	post-session	处理完成
2026-07-30 19:42	system	post-session	处理完成
2026-07-30 23:37	system	post-session	处理完成
2026-07-30 23:38	system	post-session	处理完成
2026-07-30 23:55	system	post-session	处理完成
2026-07-30 23:57	system	post-session	处理完成
2026-07-31 01:39	system	post-session	处理完成
2026-07-31 01:39	system	post-session	处理完成
2026-07-31 02:38	system	post-session	处理完成
2026-07-31 08:58	system	post-session	处理完成
2026-07-31 08:58	system	post-session	处理完成
2026-07-31 09:17	system	post-session	处理完成
2026-07-31 10:44	system	post-session	处理完成
2026-07-31 10:44	system	post-session	处理完成
2026-07-31 10:46	system	post-session	处理完成
2026-07-31 11:11	system	post-session	处理完成
2026-07-31 11:13	system	post-session	处理完成
2026-07-31 11:15	system	post-session	处理完成
2026-07-31 11:33	system	post-session	处理完成
2026-07-31 11:35	system	post-session	处理完成
2026-07-31 11:49	system	post-session	处理完成
2026-07-31 11:50	system	post-session	处理完成
2026-07-31 11:52	system	post-session	处理完成
2026-07-31 11:55	system	post-session	处理完成
2026-07-31 11:57	system	post-session	处理完成
2026-07-31 12:00	system	post-session	处理完成
2026-07-31 12:03	system	post-session	处理完成
2026-07-31 12:03	system	post-session	处理完成
2026-07-31 12:12	system	post-session	处理完成
2026-07-31 12:53	system	post-session	处理完成
2026-07-31 12:53	system	post-session	处理完成
2026-07-31 12:56	system	post-session	处理完成
2026-07-31 12:58	system	post-session	处理完成
2026-07-31 13:02	system	post-session	处理完成
2026-07-31 13:09	system	post-session	处理完成
2026-07-31 13:17	system	post-session	处理完成
2026-07-31 13:24	system	post-session	处理完成
2026-07-31 13:40	system	post-session	处理完成
2026-07-31 13:50	system	post-session	处理完成
2026-07-31 13:58	system	post-session	处理完成
2026-07-31 14:00	system	post-session	处理完成
2026-07-31 14:01	system	post-session	处理完成
2026-07-31 14:04	system	post-session	处理完成
2026-07-31 14:29	system	post-session	处理完成
2026-07-31 14:31	system	post-session	处理完成
2026-07-31 14:40	system	post-session	处理完成
2026-07-31 14:44	system	post-session	处理完成
2026-07-31 14:56	system	post-session	处理完成
2026-07-31 15:10	system	post-session	处理完成
2026-07-31 15:11	system	post-session	处理完成
2026-07-31 15:17	system	post-session	处理完成
2026-07-31 15:26	system	post-session	处理完成
2026-07-31 15:39	system	post-session	处理完成
2026-07-31 15:48	system	post-session	处理完成
2026-07-31 15:58	system	post-session	处理完成
2026-07-31 16:05	system	post-session	处理完成
2026-07-31 16:11	system	post-session	处理完成
2026-07-31 16:12	system	post-session	处理完成
2026-07-31 16:22	system	post-session	处理完成
2026-07-31 16:33	system	post-session	处理完成
2026-07-31 16:45	system	post-session	处理完成
2026-07-31 17:18	system	post-session	处理完成
2026-07-31 17:18	system	post-session	处理完成
2026-07-31 17:52	system	post-session	处理完成
2026-07-31 21:16	system	post-session	处理完成
2026-07-31 21:16	system	post-session	处理完成
2026-07-31 23:13	system	post-session	处理完成
2026-07-31 23:13	system	post-session	处理完成
2026-08-01 16:44	system	post-session	处理完成
2026-08-01 16:44	system	post-session	处理完成
2026-08-01 16:46	system	post-session	处理完成
2026-08-01 17:02	system	post-session	处理完成
2026-08-01 17:13	system	post-session	处理完成
2026-08-01 17:21	system	post-session	处理完成
2026-08-01 17:39	system	post-session	处理完成
2026-08-01 17:47	system	post-session	处理完成
2026-08-01 17:48	system	post-session	处理完成
2026-08-01 18:00	system	post-session	处理完成
2026-08-01 18:11	system	post-session	处理完成
2026-08-01 23:22	system	post-session	处理完成
2026-08-01 23:22	system	post-session	处理完成
2026-08-01 23:51	system	post-session	处理完成
2026-08-02 11:29	system	post-session	处理完成
2026-08-02 11:30	system	post-session	处理完成
2026-08-02 11:40	system	post-session	处理完成
2026-08-02 12:11	system	post-session	处理完成
2026-08-02 12:11	system	post-session	处理完成
2026-08-02 12:26	system	post-session	处理完成
2026-08-03 16:40	system	post-session	处理完成
2026-08-03 16:41	system	post-session	处理完成
2026-08-03 16:46	system	post-session	处理完成
2026-08-03 17:06	system	post-session	处理完成
2026-08-03 17:25	system	post-session	处理完成
2026-08-03 17:34	system	post-session	处理完成
2026-08-03 17:43	system	post-session	处理完成
2026-08-03 17:45	system	post-session	处理完成
2026-08-03 17:53	system	post-session	处理完成
2026-08-03 18:03	system	post-session	处理完成
2026-08-03 18:26	system	post-session	处理完成
2026-08-03 18:38	system	post-session	处理完成
2026-08-03 18:42	system	post-session	处理完成
2026-08-03 18:52	system	post-session	处理完成
2026-08-03 18:55	system	post-session	处理完成
2026-08-03 21:09	system	post-session	处理完成
2026-08-03 21:09	system	post-session	处理完成
2026-08-03 21:20	system	post-session	处理完成
2026-08-03 21:22	system	post-session	处理完成
2026-08-03 21:32	system	post-session	处理完成
2026-08-03 21:43	system	post-session	处理完成
2026-08-03 22:40	system	post-session	处理完成
2026-08-03 22:41	system	post-session	处理完成
2026-08-03 22:42	system	post-session	处理完成
2026-08-03 22:48	system	post-session	处理完成
2026-08-03 22:50	system	post-session	处理完成
2026-08-03 22:50	system	post-session	处理完成
2026-08-03 23:01	system	post-session	处理完成
2026-08-03 23:35	system	post-session	处理完成
2026-08-03 23:36	system	post-session	处理完成
2026-08-03 23:38	system	post-session	处理完成
2026-08-03 23:38	system	post-session	处理完成
2026-08-03 23:46	system	post-session	处理完成
2026-08-03 23:52	system	post-session	处理完成
2026-08-03 23:54	system	post-session	处理完成
2026-08-03 23:56	system	post-session	处理完成
2026-08-04 00:18	system	post-session	处理完成
2026-08-04 00:20	system	post-session	处理完成
2026-08-04 00:33	system	post-session	处理完成
2026-08-04 00:41	system	post-session	处理完成
2026-08-04 00:44	system	post-session	处理完成
2026-08-04 20:10	system	post-session	处理完成
2026-08-04 20:11	system	post-session	处理完成
2026-08-05 09:54	system	post-session	处理完成
2026-08-05 09:55	system	post-session	处理完成
2026-08-05 09:56	system	post-session	处理完成
2026-08-05 09:59	system	post-session	处理完成
2026-08-05 11:37	system	post-session	处理完成
2026-08-05 11:37	system	post-session	处理完成
2026-08-05 12:03	system	post-session	处理完成
2026-08-05 12:06	system	post-session	处理完成
2026-08-05 12:08	system	post-session	处理完成
2026-08-05 13:22	system	post-session	处理完成
2026-08-05 13:23	system	post-session	处理完成
2026-08-05 13:56	system	post-session	处理完成
2026-08-05 13:58	system	post-session	处理完成
2026-08-05 14:01	system	post-session	处理完成
2026-08-05 14:03	system	post-session	处理完成
2026-08-05 14:07	system	post-session	处理完成
2026-08-05 14:11	system	post-session	处理完成
2026-08-05 14:40	system	post-session	处理完成
2026-08-05 15:30	system	post-session	处理完成
2026-08-05 15:31	system	post-session	处理完成
2026-08-05 16:29	system	post-session	处理完成
2026-08-05 16:40	system	post-session	处理完成
2026-08-05 19:53	system	post-session	处理完成
2026-08-05 19:53	system	post-session	处理完成
2026-08-05 20:12	system	post-session	处理完成
2026-08-05 20:29	system	post-session	处理完成
2026-08-05 22:43	system	post-session	处理完成
2026-08-05 22:44	system	post-session	处理完成
2026-08-05 23:15	system	post-session	处理完成
2026-08-05 23:19	system	post-session	处理完成
2026-08-06 00:10	system	post-session	处理完成
2026-08-06 00:11	system	post-session	处理完成
2026-08-06 00:26	system	post-session	处理完成
2026-08-06 00:43	system	post-session	处理完成
2026-08-06 00:43	system	post-session	处理完成
2026-08-06 01:00	system	post-session	处理完成
2026-08-06 01:04	system	post-session	处理完成
2026-08-06 01:14	system	post-session	处理完成
2026-08-06 01:15	system	post-session	处理完成
2026-08-06 01:16	system	post-session	处理完成
2026-08-06 01:20	system	post-session	处理完成
2026-08-06 11:33	system	post-session	处理完成
2026-08-06 11:33	system	post-session	处理完成
2026-08-06 13:09	system	post-session	处理完成
2026-08-06 13:09	system	post-session	处理完成
2026-08-06 14:24	system	post-session	处理完成
2026-08-06 14:24	system	post-session	处理完成
2026-08-06 20:55	system	post-session	处理完成
2026-08-06 20:55	system	post-session	处理完成
2026-08-06 20:56	system	post-session	处理完成
2026-08-06 21:16	system	post-session	处理完成
2026-08-06 21:46	system	post-session	处理完成
2026-08-06 21:50	system	post-session	处理完成
2026-08-06 22:09	system	post-session	处理完成
2026-08-06 22:09	system	post-session	处理完成
2026-08-06 22:11	system	post-session	处理完成
2026-08-06 22:55	system	post-session	处理完成
2026-08-06 23:12	system	post-session	处理完成
2026-08-06 23:13	system	post-session	处理完成
2026-08-06 23:14	system	post-session	处理完成
2026-08-06 23:17	system	post-session	处理完成
2026-08-06 23:22	system	post-session	处理完成
2026-08-06 23:24	system	post-session	处理完成
2026-08-06 23:36	system	post-session	处理完成
2026-08-06 23:53	system	post-session	处理完成
2026-08-06 23:56	system	post-session	处理完成
2026-08-07 12:15	system	post-session	处理完成
2026-08-07 12:17	system	post-session	处理完成
2026-08-07 12:38	system	post-session	处理完成
2026-08-07 13:27	system	post-session	处理完成
2026-08-07 13:27	system	post-session	处理完成
2026-08-07 13:43	system	post-session	处理完成
2026-08-07 14:50	system	post-session	处理完成
2026-08-07 14:50	system	post-session	处理完成
2026-08-07 14:52	system	post-session	处理完成
2026-08-07 19:05	system	post-session	处理完成
2026-08-07 19:05	system	post-session	处理完成
2026-08-07 19:06	system	post-session	处理完成
2026-08-07 19:10	system	post-session	处理完成
2026-08-07 19:11	system	post-session	处理完成
2026-08-07 19:49	system	post-session	处理完成
2026-08-07 19:52	system	post-session	处理完成
2026-08-07 21:13	system	post-session	处理完成
2026-08-07 21:14	system	post-session	处理完成
2026-08-07 22:03	system	post-session	处理完成
2026-08-07 22:06	system	post-session	处理完成
2026-08-07 22:10	system	post-session	处理完成
2026-08-07 22:11	system	post-session	处理完成
2026-08-07 22:35	system	post-session	处理完成
2026-08-07 22:36	system	post-session	处理完成
2026-08-08 10:52	system	post-session	处理完成
2026-08-08 10:55	system	post-session	处理完成
2026-08-08 11:07	system	post-session	处理完成
2026-08-08 11:07	system	post-session	处理完成
2026-08-08 11:19	system	post-session	处理完成
2026-08-08 11:49	system	post-session	处理完成
2026-08-08 11:53	system	post-session	处理完成
2026-08-08 12:01	system	post-session	处理完成
2026-08-08 12:11	system	post-session	处理完成
2026-08-08 12:11	system	post-session	处理完成
2026-08-08 12:35	system	post-session	处理完成
2026-08-08 12:44	system	post-session	处理完成
2026-08-08 12:53	system	post-session	处理完成
2026-08-08 12:59	system	post-session	处理完成
2026-08-08 13:21	system	post-session	处理完成
2026-08-08 13:22	system	post-session	处理完成
2026-08-08 13:27	system	post-session	处理完成
2026-08-08 13:43	system	post-session	处理完成
2026-08-08 13:59	system	post-session	处理完成
2026-08-08 14:01	system	post-session	处理完成
2026-08-08 14:26	system	post-session	处理完成
2026-08-08 14:26	system	post-session	处理完成
2026-08-08 14:46	system	post-session	处理完成
2026-08-08 14:53	system	post-session	处理完成
2026-08-08 15:06	system	post-session	处理完成
2026-08-08 15:17	system	post-session	处理完成
2026-08-08 15:35	system	post-session	处理完成
2026-08-08 15:36	system	post-session	处理完成
2026-08-08 15:36	system	post-session	处理完成
2026-08-08 15:39	system	post-session	处理完成
2026-08-08 15:43	system	post-session	处理完成
2026-08-08 15:45	system	post-session	处理完成
2026-08-08 15:50	system	post-session	处理完成
2026-08-08 16:34	system	post-session	处理完成
2026-08-08 16:49	system	post-session	处理完成
2026-08-08 16:50	system	post-session	处理完成
2026-08-08 17:05	system	post-session	处理完成
2026-08-08 17:10	system	post-session	处理完成
2026-08-08 17:16	system	post-session	处理完成
2026-08-08 17:48	system	post-session	处理完成
2026-08-08 18:00	system	post-session	处理完成
2026-08-08 18:00	system	post-session	处理完成
2026-08-08 18:00	system	post-session	处理完成
2026-08-08 18:11	system	post-session	处理完成
2026-08-08 19:28	system	post-session	处理完成
2026-08-08 19:45	system	post-session	处理完成
2026-08-08 19:47	system	post-session	处理完成
2026-08-08 19:49	system	post-session	处理完成
2026-08-08 19:51	system	post-session	处理完成
2026-08-08 19:56	system	post-session	处理完成
2026-08-08 20:11	system	post-session	处理完成
2026-08-08 20:11	system	post-session	处理完成
2026-08-08 21:39	system	post-session	处理完成
2026-08-08 21:39	system	post-session	处理完成
2026-08-08 22:39	system	post-session	处理完成
2026-08-08 22:40	system	post-session	处理完成
2026-08-08 22:45	system	post-session	处理完成
2026-08-08 22:49	system	post-session	处理完成
2026-08-08 23:00	system	post-session	处理完成
2026-08-08 23:16	system	post-session	处理完成
2026-08-09 08:37	system	post-session	处理完成
2026-08-09 08:38	system	post-session	处理完成
2026-08-09 08:38	system	post-session	处理完成
2026-08-09 08:39	system	post-session	处理完成
2026-08-09 09:24	system	post-session	处理完成
2026-08-09 12:33	system	post-session	处理完成
2026-08-09 12:33	system	post-session	处理完成
2026-08-09 12:39	system	post-session	处理完成
2026-08-09 12:44	system	post-session	处理完成
2026-08-09 12:50	system	post-session	处理完成
2026-08-09 13:16	system	post-session	处理完成
2026-08-09 13:21	system	post-session	处理完成
2026-08-09 13:48	system	post-session	处理完成
2026-08-09 13:48	system	post-session	处理完成
2026-08-09 16:06	system	post-session	处理完成
2026-08-09 16:06	system	post-session	处理完成
2026-08-09 16:09	system	post-session	处理完成
2026-08-09 16:13	system	post-session	处理完成
2026-08-09 16:16	system	post-session	处理完成
2026-08-09 16:18	system	post-session	处理完成
2026-08-09 16:20	system	post-session	处理完成
2026-08-09 16:38	system	post-session	处理完成
2026-08-09 16:53	system	post-session	处理完成
2026-08-09 17:13	system	post-session	处理完成
2026-08-09 17:13	system	post-session	处理完成
2026-08-09 17:32	system	post-session	处理完成
2026-08-09 17:34	system	post-session	处理完成
2026-08-09 17:58	system	post-session	处理完成
2026-08-09 18:10	system	post-session	处理完成
2026-08-09 18:13	system	post-session	处理完成
2026-08-09 18:14	system	post-session	处理完成
2026-08-09 18:35	system	post-session	处理完成
2026-08-09 18:44	system	post-session	处理完成
2026-08-09 18:50	system	post-session	处理完成
2026-08-09 18:55	system	post-session	处理完成
2026-08-09 18:59	system	post-session	处理完成
2026-08-09 19:01	system	post-session	处理完成
2026-08-09 19:04	system	post-session	处理完成
2026-08-09 19:06	system	post-session	处理完成
2026-08-09 19:06	system	post-session	处理完成
2026-08-09 19:14	system	post-session	处理完成
2026-08-09 19:15	system	post-session	处理完成
2026-08-09 19:17	system	post-session	处理完成
2026-08-09 19:20	system	post-session	处理完成
2026-08-09 19:23	system	post-session	处理完成
2026-08-09 20:00	system	post-session	处理完成
2026-08-09 21:18	system	post-session	处理完成
2026-08-09 21:19	system	post-session	处理完成
2026-08-09 21:44	system	post-session	处理完成
2026-08-09 23:16	system	post-session	处理完成
2026-08-09 23:17	system	post-session	处理完成
2026-08-09 23:26	system	post-session	处理完成
2026-08-09 23:44	system	post-session	处理完成
2026-08-09 23:53	system	post-session	处理完成
2026-08-10 00:05	system	post-session	处理完成
2026-08-10 00:43	system	post-session	处理完成
2026-08-10 00:44	system	post-session	处理完成
2026-08-10 12:03	system	post-session	处理完成
2026-08-10 12:03	system	post-session	处理完成
2026-08-10 13:20	system	post-session	处理完成
2026-08-10 13:20	system	post-session	处理完成
2026-08-10 14:02	system	post-session	处理完成
2026-08-10 14:27	system	post-session	处理完成
2026-08-10 14:27	system	post-session	处理完成
2026-08-10 14:57	system	post-session	处理完成
2026-08-10 14:58	system	post-session	处理完成
2026-08-10 14:59	system	post-session	处理完成
2026-08-10 14:59	system	post-session	处理完成
2026-08-10 16:25	system	post-session	处理完成
2026-08-10 17:25	system	post-session	处理完成
2026-08-10 17:26	system	post-session	处理完成
2026-08-10 17:34	system	post-session	处理完成
2026-08-10 17:59	system	post-session	处理完成
2026-08-10 18:40	system	post-session	处理完成
2026-08-10 18:41	system	post-session	处理完成
2026-08-10 20:35	system	post-session	处理完成
2026-08-10 20:36	system	post-session	处理完成
2026-08-10 20:41	system	post-session	处理完成
2026-08-10 21:00	system	post-session	处理完成
2026-08-10 21:02	system	post-session	处理完成
2026-08-10 21:10	system	post-session	处理完成
2026-08-10 21:33	system	post-session	处理完成
2026-08-10 21:33	system	post-session	处理完成
2026-08-10 22:04	system	post-session	处理完成
2026-08-10 22:05	system	post-session	处理完成
2026-08-10 22:36	system	post-session	处理完成
2026-08-10 22:46	system	post-session	处理完成
2026-08-10 22:52	system	post-session	处理完成
2026-08-10 22:58	system	post-session	处理完成
2026-08-11 10:17	system	post-session	处理完成
2026-08-11 10:18	system	post-session	处理完成
2026-08-11 10:19	system	post-session	处理完成
2026-08-11 10:20	system	post-session	处理完成
2026-08-11 10:29	system	post-session	处理完成
2026-08-11 10:32	system	post-session	处理完成
2026-08-11 10:34	system	post-session	处理完成
2026-08-11 10:58	system	post-session	处理完成
2026-08-11 11:14	system	post-session	处理完成
2026-08-11 12:24	system	post-session	处理完成
2026-08-11 12:25	system	post-session	处理完成
2026-08-11 12:34	system	post-session	处理完成
2026-08-11 12:36	system	post-session	处理完成
2026-08-11 12:39	system	post-session	处理完成
2026-08-11 12:42	system	post-session	处理完成
2026-08-11 12:42	system	post-session	处理完成
2026-08-11 12:42	system	post-session	处理完成
2026-08-11 12:42	system	post-session	处理完成
2026-08-11 12:43	system	post-session	处理完成
2026-08-11 12:43	system	post-session	处理完成
2026-08-11 12:43	system	post-session	处理完成
2026-08-11 12:43	system	post-session	处理完成
2026-08-11 12:43	system	post-session	处理完成
2026-08-11 12:43	system	post-session	处理完成
2026-08-11 12:43	system	post-session	处理完成
2026-08-11 12:44	system	post-session	处理完成
2026-08-11 12:44	system	post-session	处理完成
2026-08-11 12:44	system	post-session	处理完成
2026-08-11 12:45	system	post-session	处理完成
2026-08-11 12:47	system	post-session	处理完成
2026-08-11 12:56	system	post-session	处理完成
2026-08-11 12:59	system	post-session	处理完成
2026-08-11 13:00	system	post-session	处理完成
2026-08-11 13:00	system	post-session	处理完成
2026-08-11 13:00	system	post-session	处理完成
2026-08-11 13:00	system	post-session	处理完成
2026-08-11 13:01	system	post-session	处理完成
2026-08-11 13:01	system	post-session	处理完成
2026-08-11 13:01	system	post-session	处理完成
2026-08-11 13:01	system	post-session	处理完成
2026-08-11 13:01	system	post-session	处理完成
2026-08-11 13:01	system	post-session	处理完成
2026-08-11 13:02	system	post-session	处理完成
2026-08-11 13:02	system	post-session	处理完成
2026-08-11 13:02	system	post-session	处理完成
2026-08-11 13:02	system	post-session	处理完成
2026-08-11 13:02	system	post-session	处理完成
2026-08-11 13:03	system	post-session	处理完成
2026-08-11 13:03	system	post-session	处理完成
2026-08-11 13:11	system	post-session	处理完成
2026-08-11 13:12	system	post-session	处理完成
2026-08-11 13:12	system	post-session	处理完成
2026-08-11 13:14	system	post-session	处理完成
2026-08-11 13:16	system	post-session	处理完成
2026-08-11 13:21	system	post-session	处理完成
2026-08-11 13:23	system	post-session	处理完成
2026-08-11 13:25	system	post-session	处理完成
2026-08-11 13:26	system	post-session	处理完成
2026-08-11 13:27	system	post-session	处理完成
2026-08-11 13:34	system	post-session	处理完成
2026-08-11 13:38	system	post-session	处理完成
2026-08-11 13:41	system	post-session	处理完成
2026-08-11 13:51	system	post-session	处理完成
2026-08-11 13:57	system	post-session	处理完成
2026-08-11 13:57	system	post-session	处理完成
2026-08-11 13:57	system	post-session	处理完成
2026-08-11 13:57	system	post-session	处理完成
2026-08-11 13:58	system	post-session	处理完成
2026-08-11 13:59	system	post-session	处理完成
2026-08-11 14:07	system	post-session	处理完成
2026-08-11 14:08	system	post-session	处理完成
2026-08-11 14:26	system	post-session	处理完成
2026-08-11 14:28	system	post-session	处理完成
2026-08-11 14:39	system	post-session	处理完成
2026-08-11 14:47	system	post-session	处理完成
2026-08-11 16:04	system	post-session	处理完成
2026-08-11 16:04	system	post-session	处理完成
2026-08-11 16:18	system	post-session	处理完成
2026-08-11 16:24	system	post-session	处理完成
2026-08-11 16:28	system	post-session	处理完成
2026-08-11 16:31	system	post-session	处理完成
2026-08-11 16:45	system	post-session	处理完成
2026-08-11 16:49	system	post-session	处理完成
2026-08-11 17:08	system	post-session	处理完成
2026-08-11 17:10	system	post-session	处理完成
2026-08-11 17:14	system	post-session	处理完成
2026-08-11 17:16	system	post-session	处理完成
2026-08-11 17:50	system	post-session	处理完成
2026-08-11 17:54	system	post-session	处理完成
2026-08-11 17:57	system	post-session	处理完成
2026-08-11 17:59	system	post-session	处理完成
2026-08-11 18:13	system	post-session	处理完成
2026-08-11 18:14	system	post-session	处理完成
2026-08-11 18:25	system	post-session	处理完成
2026-08-11 18:29	system	post-session	处理完成
2026-08-11 18:39	system	post-session	处理完成
2026-08-11 19:30	system	post-session	处理完成
2026-08-11 19:32	system	post-session	处理完成
2026-08-11 20:12	system	post-session	处理完成
2026-08-11 20:14	system	post-session	处理完成
2026-08-11 20:19	system	post-session	处理完成
2026-08-11 20:21	system	post-session	处理完成
